{"liked_posts":[{"type":"photo","blog_name":"alwaysdaddys","id":131192373805,"post_url":"http://alwaysdaddys.tumblr.com/post/131192373805/theres-no-other-way","slug":"theres-no-other-way","date":"2015-10-15 01:46:00 GMT","timestamp":1444873560,"state":"published","format":"html","reblog_key":"OdzIFHxu","tags":["frosty","wendys","omnomnom","french fries","little","sfw little space","dd/lg blog","personal","dinner","mine","little space"],"short_url":"https://tmblr.co/ZaSJzj1wBhC8j","summary":"There's no other way...","recommended_source":null,"recommended_color":null,"note_count":26,"caption":"\u003cp\u003eThere\u0026rsquo;s no other way\u0026hellip;\u003c/p\u003e","reblog":{"tree_html":"","comment":"\u003cp\u003eThere’s no other way…\u003c/p\u003e"},"trail":[{"blog":{"name":"alwaysdaddys","active":true,"theme":{"header_full_width":631,"header_full_height":355,"header_focus_width":631,"header_focus_height":354,"avatar_shape":"circle","background_color":"#FFE4FC","body_font":"Helvetica Neue","header_bounds":"0,631,354,0","header_image":"https://secure.static.tumblr.com/3f73a59c4d4ae8be879ff00235b9da5e/4yslmhy/Vbbnrnmpg/tumblr_static_filename.jpg","header_image_focused":"https://secure.static.tumblr.com/3f73a59c4d4ae8be879ff00235b9da5e/4yslmhy/UPLnrnmpi/tumblr_static_tumblr_static_filename_focused_v3.jpg","header_image_scaled":"https://secure.static.tumblr.com/3f73a59c4d4ae8be879ff00235b9da5e/4yslmhy/Vbbnrnmpg/tumblr_static_filename_2048_v2.jpg","header_stretch":true,"link_color":"#000000","show_avatar":true,"show_description":false,"show_header_image":true,"show_title":true,"title_color":"#444444","title_font":"Gibson","title_font_weight":"bold"},"share_likes":true,"share_following":false,"can_be_followed":true},"post":{"id":"131192373805"},"content_raw":"\u003cp\u003eThere’s no other way…\u003c/p\u003e","content":"\u003cp\u003eThere\u0026rsquo;s no other way\u0026hellip;\u003c/p\u003e","is_current_item":true,"is_root_item":true}],"image_permalink":"http://alwaysdaddys.tumblr.com/image/131192373805","photos":[{"caption":"","alt_sizes":[{"url":"https://68.media.tumblr.com/3f84e7162d4e0871c9f197f249034f7e/tumblr_nw8nkoA0JY1ubo1t8o1_1280.jpg","width":720,"height":1280},{"url":"https://68.media.tumblr.com/3f84e7162d4e0871c9f197f249034f7e/tumblr_nw8nkoA0JY1ubo1t8o1_500.jpg","width":422,"height":750},{"url":"https://68.media.tumblr.com/3f84e7162d4e0871c9f197f249034f7e/tumblr_nw8nkoA0JY1ubo1t8o1_400.jpg","width":338,"height":600},{"url":"https://68.media.tumblr.com/3f84e7162d4e0871c9f197f249034f7e/tumblr_nw8nkoA0JY1ubo1t8o1_250.jpg","width":225,"height":400},{"url":"https://68.media.tumblr.com/3f84e7162d4e0871c9f197f249034f7e/tumblr_nw8nkoA0JY1ubo1t8o1_100.jpg","width":100,"height":178},{"url":"https://68.media.tumblr.com/3f84e7162d4e0871c9f197f249034f7e/tumblr_nw8nkoA0JY1ubo1t8o1_75sq.jpg","width":75,"height":75}],"original_size":{"url":"https://68.media.tumblr.com/3f84e7162d4e0871c9f197f249034f7e/tumblr_nw8nkoA0JY1ubo1t8o1_1280.jpg","width":720,"height":1280}}],"liked_timestamp":1445268822,"can_like":false,"can_reblog":true,"can_send_in_message":true,"can_reply":false,"display_avatar":true},{"type":"photo","blog_name":"sashalre","id":131232761410,"post_url":"http://sashalre.tumblr.com/post/131232761410/4-cant-beat-it-3rd-in-a-week-wendys-at","slug":"4-cant-beat-it-3rd-in-a-week-wendys-at","date":"2015-10-15 18:34:06 GMT","timestamp":1444934046,"state":"published","format":"html","reblog_key":"4S794HJO","tags":["wendys"],"short_url":"https://tmblr.co/ZPEOyr1wE5GP2","summary":"$4. Can't beat it. 3rd in a week! #wendys  (at Wendy's)","recommended_source":null,"recommended_color":null,"note_count":7,"caption":"\u003cp\u003e$4. Can\u0026rsquo;t beat it. 3rd in a week! #wendys  (at Wendy\u0026rsquo;s)\u003c/p\u003e","reblog":{"tree_html":"","comment":"\u003cp\u003e$4. Can’t beat it. 3rd in a week! #wendys  (at Wendy’s)\u003c/p\u003e"},"trail":[{"blog":{"name":"sashalre","active":true,"theme":{"avatar_shape":"square","background_color":"#FAFAFA","body_font":"Helvetica Neue","header_bounds":0,"header_image":"https://assets.tumblr.com/images/default_header/optica_pattern_04.png?_v=7c4e5e82cf797042596e2e64af1c383f","header_image_focused":"https://assets.tumblr.com/images/default_header/optica_pattern_04.png?_v=7c4e5e82cf797042596e2e64af1c383f","header_image_scaled":"https://assets.tumblr.com/images/default_header/optica_pattern_04.png?_v=7c4e5e82cf797042596e2e64af1c383f","header_stretch":true,"link_color":"#529ECC","show_avatar":true,"show_description":true,"show_header_image":true,"show_title":true,"title_color":"#444444","title_font":"Gibson","title_font_weight":"bold"},"share_likes":true,"share_following":false,"can_be_followed":true},"post":{"id":"131232761410"},"content_raw":"\u003cp\u003e$4. Can’t beat it. 3rd in a week! #wendys  (at Wendy’s)\u003c/p\u003e","content":"\u003cp\u003e$4. Can\u0026rsquo;t beat it. 3rd in a week! #wendys  (at Wendy\u0026rsquo;s)\u003c/p\u003e","is_current_item":true,"is_root_item":true}],"link_url":"https://instagram.com/p/83lNeyGAKg/","image_permalink":"http://sashalre.tumblr.com/image/131232761410","photos":[{"caption":"","alt_sizes":[{"url":"https://68.media.tumblr.com/bdc6999a1dffbf5148cffc9d33b32724/tumblr_nw9y8u9ge61stwux3o1_1280.jpg","width":1080,"height":1080},{"url":"https://68.media.tumblr.com/bdc6999a1dffbf5148cffc9d33b32724/tumblr_nw9y8u9ge61stwux3o1_500.jpg","width":500,"height":500},{"url":"https://68.media.tumblr.com/bdc6999a1dffbf5148cffc9d33b32724/tumblr_nw9y8u9ge61stwux3o1_400.jpg","width":400,"height":400},{"url":"https://68.media.tumblr.com/bdc6999a1dffbf5148cffc9d33b32724/tumblr_nw9y8u9ge61stwux3o1_250.jpg","width":250,"height":250},{"url":"https://68.media.tumblr.com/bdc6999a1dffbf5148cffc9d33b32724/tumblr_nw9y8u9ge61stwux3o1_100.jpg","width":100,"height":100},{"url":"https://68.media.tumblr.com/bdc6999a1dffbf5148cffc9d33b32724/tumblr_nw9y8u9ge61stwux3o1_75sq.jpg","width":75,"height":75}],"original_size":{"url":"https://68.media.tumblr.com/bdc6999a1dffbf5148cffc9d33b32724/tumblr_nw9y8u9ge61stwux3o1_1280.jpg","width":1080,"height":1080}}],"liked_timestamp":1445268802,"can_like":false,"can_reblog":true,"can_send_in_message":true,"can_reply":false,"display_avatar":true},{"type":"photo","blog_name":"jodyjojob","id":131239093514,"post_url":"http://jodyjojob.tumblr.com/post/131239093514/4-for-4best-idea-wendys-had-wendys","slug":"4-for-4best-idea-wendys-had-wendys","date":"2015-10-15 20:25:59 GMT","timestamp":1444940759,"state":"published","format":"html","reblog_key":"rFl6ry9T","tags":["wendys"],"short_url":"https://tmblr.co/ZfD4lu1wETQKA","summary":"4 for $4...Best idea Wendy's had!!! #wendys","recommended_source":null,"recommended_color":null,"note_count":7,"caption":"\u003cp\u003e4 for $4\u0026hellip;Best idea Wendy\u0026rsquo;s had!!! #wendys\u003c/p\u003e","reblog":{"tree_html":"","comment":"\u003cp\u003e4 for $4…Best idea Wendy’s had!!! #wendys\u003c/p\u003e"},"trail":[{"blog":{"name":"jodyjojob","active":true,"theme":{"avatar_shape":"circle","background_color":"#000000","body_font":"Helvetica Neue","header_bounds":"","header_image":"https://secure.static.tumblr.com/d9e074e7596e5411e3fb69bc599db1af/mclpsqg/AGno3reg4/tumblr_static_filename.jpg","header_image_focused":"https://secure.static.tumblr.com/d9e074e7596e5411e3fb69bc599db1af/mclpsqg/AGno3reg4/tumblr_static_filename_2048_v2.jpg","header_image_scaled":"https://secure.static.tumblr.com/d9e074e7596e5411e3fb69bc599db1af/mclpsqg/AGno3reg4/tumblr_static_filename_2048_v2.jpg","header_stretch":true,"link_color":"#CB4CB4","show_avatar":true,"show_description":true,"show_header_image":true,"show_title":true,"title_color":"#C332C0","title_font":"Streetscript","title_font_weight":"bold"},"share_likes":true,"share_following":false,"can_be_followed":true},"post":{"id":"131239093514"},"content_raw":"\u003cp\u003e4 for $4…Best idea Wendy’s had!!! #wendys\u003c/p\u003e","content":"\u003cp\u003e4 for $4\u0026hellip;Best idea Wendy\u0026rsquo;s had!!! #wendys\u003c/p\u003e","is_current_item":true,"is_root_item":true}],"link_url":"https://instagram.com/p/83yA8djcCf/","image_permalink":"http://jodyjojob.tumblr.com/image/131239093514","photos":[{"caption":"","alt_sizes":[{"url":"https://68.media.tumblr.com/4eedfda492e9b0d36d10c62e497ddb57/tumblr_nwa3fbYkux1rbav6eo1_1280.jpg","width":1080,"height":1080},{"url":"https://68.media.tumblr.com/4eedfda492e9b0d36d10c62e497ddb57/tumblr_nwa3fbYkux1rbav6eo1_500.jpg","width":500,"height":500},{"url":"https://68.media.tumblr.com/4eedfda492e9b0d36d10c62e497ddb57/tumblr_nwa3fbYkux1rbav6eo1_400.jpg","width":400,"height":400},{"url":"https://68.media.tumblr.com/4eedfda492e9b0d36d10c62e497ddb57/tumblr_nwa3fbYkux1rbav6eo1_250.jpg","width":250,"height":250},{"url":"https://68.media.tumblr.com/4eedfda492e9b0d36d10c62e497ddb57/tumblr_nwa3fbYkux1rbav6eo1_100.jpg","width":100,"height":100},{"url":"https://68.media.tumblr.com/4eedfda492e9b0d36d10c62e497ddb57/tumblr_nwa3fbYkux1rbav6eo1_75sq.jpg","width":75,"height":75}],"original_size":{"url":"https://68.media.tumblr.com/4eedfda492e9b0d36d10c62e497ddb57/tumblr_nwa3fbYkux1rbav6eo1_1280.jpg","width":1080,"height":1080}}],"liked_timestamp":1445268797,"can_like":false,"can_reblog":true,"can_send_in_message":true,"can_reply":false,"display_avatar":true},{"type":"photo","blog_name":"brknhrtedballad","id":131367617803,"post_url":"http://brknhrtedballad.tumblr.com/post/131367617803/idk-who-does-the-pr-for-the-wendys-facebook-page","slug":"idk-who-does-the-pr-for-the-wendys-facebook-page","date":"2015-10-17 19:46:24 GMT","timestamp":1445111184,"state":"published","format":"html","reblog_key":"UAr5GJm5","tags":["facebook","wendys","funny"],"short_url":"https://tmblr.co/ZD0nOl1wM7iKB","summary":"Idk who does the PR for the Wendy's Facebook page but their replies to customer comments are hilarious!! 😂😂😂😂 #wendys #facebook...","recommended_source":null,"recommended_color":null,"note_count":19,"caption":"\u003cp\u003eIdk who does the PR for the Wendy\u0026rsquo;s Facebook page but their replies to customer comments are hilarious!! 😂😂😂😂 #wendys #facebook #funny\u003c/p\u003e","reblog":{"tree_html":"","comment":"\u003cp\u003eIdk who does the PR for the Wendy’s Facebook page but their replies to customer comments are hilarious!! 😂😂😂😂 #wendys #facebook #funny\u003c/p\u003e"},"trail":[{"blog":{"name":"brknhrtedballad","active":true,"theme":{"header_full_width":700,"header_full_height":980,"header_focus_width":700,"header_focus_height":393,"avatar_shape":"square","background_color":"#FAFAFA","body_font":"Helvetica Neue","header_bounds":"73,700,466,0","header_image":"https://secure.static.tumblr.com/9291a26577ee729ad18a3b66fa51d315/izb922g/8x4ol5eqq/tumblr_static_filename.jpg","header_image_focused":"https://secure.static.tumblr.com/9291a26577ee729ad18a3b66fa51d315/izb922g/A2Fol5eqr/tumblr_static_tumblr_static_filename_focused_v3.jpg","header_image_scaled":"https://secure.static.tumblr.com/9291a26577ee729ad18a3b66fa51d315/izb922g/8x4ol5eqq/tumblr_static_filename_2048_v2.jpg","header_stretch":true,"link_color":"#529ECC","show_avatar":true,"show_description":true,"show_header_image":true,"show_title":true,"title_color":"#444444","title_font":"Gibson","title_font_weight":"bold"},"share_likes":false,"share_following":false,"can_be_followed":true},"post":{"id":"131367617803"},"content_raw":"\u003cp\u003eIdk who does the PR for the Wendy’s Facebook page but their replies to customer comments are hilarious!! 😂😂😂😂 #wendys #facebook #funny\u003c/p\u003e","content":"\u003cp\u003eIdk who does the PR for the Wendy\u0026rsquo;s Facebook page but their replies to customer comments are hilarious!! \u0026#128514;\u0026#128514;\u0026#128514;\u0026#128514; #wendys #facebook #funny\u003c/p\u003e","is_current_item":true,"is_root_item":true}],"link_url":"https://instagram.com/p/883FFQKiFdk0HbUZ8eAdiv_xpg1abc5H6LQn40/","image_permalink":"http://brknhrtedballad.tumblr.com/image/131367617803","photos":[{"caption":"","alt_sizes":[{"url":"https://68.media.tumblr.com/fc5353a708d3b43b97381c37a7aa86b4/tumblr_nwdqxcEtCW1un15owo1_500.jpg","width":480,"height":480},{"url":"https://68.media.tumblr.com/fc5353a708d3b43b97381c37a7aa86b4/tumblr_nwdqxcEtCW1un15owo1_400.jpg","width":400,"height":400},{"url":"https://68.media.tumblr.com/fc5353a708d3b43b97381c37a7aa86b4/tumblr_nwdqxcEtCW1un15owo1_250.jpg","width":250,"height":250},{"url":"https://68.media.tumblr.com/fc5353a708d3b43b97381c37a7aa86b4/tumblr_nwdqxcEtCW1un15owo1_100.jpg","width":100,"height":100},{"url":"https://68.media.tumblr.com/fc5353a708d3b43b97381c37a7aa86b4/tumblr_nwdqxcEtCW1un15owo1_75sq.jpg","width":75,"height":75}],"original_size":{"url":"https://68.media.tumblr.com/fc5353a708d3b43b97381c37a7aa86b4/tumblr_nwdqxcEtCW1un15owo1_500.jpg","width":480,"height":480}}],"liked_timestamp":1445268770,"can_like":false,"can_reblog":true,"can_send_in_message":true,"can_reply":false,"display_avatar":true},{"type":"photo","blog_name":"hurleygirl27","id":131393883972,"post_url":"http://hurleygirl27.tumblr.com/post/131393883972/nugget-love-wendys-savannah-georgia-ga","slug":"nugget-love-wendys-savannah-georgia-ga","date":"2015-10-18 03:54:07 GMT","timestamp":1445140447,"state":"published","format":"html","reblog_key":"yNuo4xOi","tags":["georgia","love","nugget","wendys","mlkjrdrive","savannah","october","ga","downtownsavannah","912"],"short_url":"https://tmblr.co/Zq01mt1wNhuz4","summary":"#nugget #love #wendys #savannah #georgia #ga #mlkjrdrive #downtownsavannah #912 #october @wendys @jamanda1988","recommended_source":null,"recommended_color":null,"note_count":3,"caption":"\u003cp\u003e#nugget #love #wendys #savannah #georgia #ga #mlkjrdrive #downtownsavannah #912 #october @wendys @jamanda1988\u003c/p\u003e","reblog":{"tree_html":"","comment":"\u003cp\u003e#nugget #love #wendys #savannah #georgia #ga #mlkjrdrive #downtownsavannah #912 #october @wendys @jamanda1988\u003c/p\u003e"},"trail":[{"blog":{"name":"hurleygirl27","active":true,"theme":{"header_full_width":504,"header_full_height":504,"header_focus_width":419,"header_focus_height":236,"avatar_shape":"square","background_color":"#FAFAFA","body_font":"Helvetica Neue","header_bounds":"146,465,382,46","header_image":"https://secure.static.tumblr.com/0fee5a73201ef9728778b2ca6a2ff433/hy3y7ty/7xjnsh410/tumblr_static_.jpg","header_image_focused":"https://secure.static.tumblr.com/0fee5a73201ef9728778b2ca6a2ff433/hy3y7ty/hAxnsh411/tumblr_static_tumblr_static__focused_v3.jpg","header_image_scaled":"https://secure.static.tumblr.com/0fee5a73201ef9728778b2ca6a2ff433/hy3y7ty/7xjnsh410/tumblr_static__2048_v2.jpg","header_stretch":true,"link_color":"#0000E4","show_avatar":true,"show_description":true,"show_header_image":true,"show_title":true,"title_color":"#444444","title_font":"Gibson","title_font_weight":"bold"},"share_likes":true,"share_following":false,"can_be_followed":true},"post":{"id":"131393883972"},"content_raw":"\u003cp\u003e#nugget #love #wendys #savannah #georgia #ga #mlkjrdrive #downtownsavannah #912 #october @wendys @jamanda1988\u003c/p\u003e","content":"\u003cp\u003e#nugget #love #wendys #savannah #georgia #ga #mlkjrdrive #downtownsavannah #912 #october @wendys @jamanda1988\u003c/p\u003e","is_current_item":true,"is_root_item":true}],"link_url":"https://instagram.com/p/89u5KhN4vj/","image_permalink":"http://hurleygirl27.tumblr.com/image/131393883972","photos":[{"caption":"","alt_sizes":[{"url":"https://68.media.tumblr.com/f99d9491c4c86827e478a68f3578396a/tumblr_nwedi7E9hS1rluerjo1_1280.jpg","width":640,"height":640},{"url":"https://68.media.tumblr.com/f99d9491c4c86827e478a68f3578396a/tumblr_nwedi7E9hS1rluerjo1_500.jpg","width":500,"height":500},{"url":"https://68.media.tumblr.com/f99d9491c4c86827e478a68f3578396a/tumblr_nwedi7E9hS1rluerjo1_400.jpg","width":400,"height":400},{"url":"https://68.media.tumblr.com/f99d9491c4c86827e478a68f3578396a/tumblr_nwedi7E9hS1rluerjo1_250.jpg","width":250,"height":250},{"url":"https://68.media.tumblr.com/f99d9491c4c86827e478a68f3578396a/tumblr_nwedi7E9hS1rluerjo1_100.jpg","width":100,"height":100},{"url":"https://68.media.tumblr.com/f99d9491c4c86827e478a68f3578396a/tumblr_nwedi7E9hS1rluerjo1_75sq.jpg","width":75,"height":75}],"original_size":{"url":"https://68.media.tumblr.com/f99d9491c4c86827e478a68f3578396a/tumblr_nwedi7E9hS1rluerjo1_1280.jpg","width":640,"height":640}}],"liked_timestamp":1445268754,"can_like":false,"can_reblog":true,"can_send_in_message":true,"can_reply":false,"display_avatar":true},{"type":"photo","blog_name":"officialilseneumann","id":131395895094,"post_url":"http://officialilseneumann.tumblr.com/post/131395895094/post-pippin-bliss","slug":"post-pippin-bliss","date":"2015-10-18 04:32:19 GMT","timestamp":1445142739,"state":"published","format":"html","reblog_key":"COXoFNoh","tags":["pippin national tour","wendys"],"short_url":"https://tmblr.co/ZnPTdj1wNpZys","summary":"Post- Pippin bliss","recommended_source":null,"recommended_color":null,"note_count":3,"caption":"\u003cp\u003ePost- Pippin bliss\u003c/p\u003e","reblog":{"tree_html":"","comment":"\u003cp\u003ePost- Pippin bliss\u003c/p\u003e"},"trail":[{"blog":{"name":"officialilseneumann","active":true,"theme":{"header_full_width":1280,"header_full_height":719,"header_focus_width":1278,"header_focus_height":719,"avatar_shape":"circle","background_color":"#51FDEE","body_font":"Helvetica Neue","header_bounds":"0,1278,719,0","header_image":"https://secure.static.tumblr.com/72d41f7964e1b019fcbe030ca6eee08b/dd9mnye/oKYoigtvv/tumblr_static_.jpg","header_image_focused":"https://secure.static.tumblr.com/72d41f7964e1b019fcbe030ca6eee08b/dd9mnye/a7Roigtvx/tumblr_static_tumblr_static__focused_v3.jpg","header_image_scaled":"https://secure.static.tumblr.com/72d41f7964e1b019fcbe030ca6eee08b/dd9mnye/oKYoigtvv/tumblr_static__2048_v2.jpg","header_stretch":true,"link_color":"#369D98","show_avatar":true,"show_description":true,"show_header_image":true,"show_title":true,"title_color":"#54696D","title_font":"Gibson","title_font_weight":"bold"},"share_likes":false,"share_following":false,"can_be_followed":true},"post":{"id":"131395895094"},"content_raw":"\u003cp\u003ePost- Pippin bliss\u003c/p\u003e","content":"\u003cp\u003ePost- Pippin bliss\u003c/p\u003e","is_current_item":true,"is_root_item":true}],"image_permalink":"http://officialilseneumann.tumblr.com/image/131395895094","photos":[{"caption":"","alt_sizes":[{"url":"https://68.media.tumblr.com/8cea5722b26ef75e974c06621306dcef/tumblr_nwef9wM2NV1uecelwo1_1280.jpg","width":1280,"height":1707},{"url":"https://68.media.tumblr.com/8cea5722b26ef75e974c06621306dcef/tumblr_nwef9wM2NV1uecelwo1_500.jpg","width":500,"height":667},{"url":"https://68.media.tumblr.com/8cea5722b26ef75e974c06621306dcef/tumblr_nwef9wM2NV1uecelwo1_400.jpg","width":400,"height":533},{"url":"https://68.media.tumblr.com/8cea5722b26ef75e974c06621306dcef/tumblr_nwef9wM2NV1uecelwo1_250.jpg","width":250,"height":333},{"url":"https://68.media.tumblr.com/8cea5722b26ef75e974c06621306dcef/tumblr_nwef9wM2NV1uecelwo1_100.jpg","width":100,"height":133},{"url":"https://68.media.tumblr.com/8cea5722b26ef75e974c06621306dcef/tumblr_nwef9wM2NV1uecelwo1_75sq.jpg","width":75,"height":75}],"original_size":{"url":"https://68.media.tumblr.com/8cea5722b26ef75e974c06621306dcef/tumblr_nwef9wM2NV1uecelwo1_1280.jpg","width":1280,"height":1707}}],"liked_timestamp":1445268736,"can_like":false,"can_reblog":true,"can_send_in_message":true,"can_reply":false,"display_avatar":true},{"type":"photo","blog_name":"butterfliesinthegalaxy","id":131415463425,"post_url":"http://butterfliesinthegalaxy.tumblr.com/post/131415463425/cravings-satisfied-bacon-baconator-wendys","slug":"cravings-satisfied-bacon-baconator-wendys","date":"2015-10-18 13:31:33 GMT","timestamp":1445175093,"state":"published","format":"html","reblog_key":"ZYfykJby","tags":["foodporn","fries","wendys","bacon","cravings","baconator"],"short_url":"https://tmblr.co/ZCBGQy1wO_DO1","summary":"Cravings satisfied ✅ #bacon #baconator #wendys #fries #cravings #foodporn","recommended_source":null,"recommended_color":null,"note_count":5,"caption":"\u003cp\u003eCravings satisfied ✅ #bacon #baconator #wendys #fries #cravings #foodporn\u003c/p\u003e","reblog":{"tree_html":"","comment":"\u003cp\u003eCravings satisfied ✅ #bacon #baconator #wendys #fries #cravings #foodporn\u003c/p\u003e"},"trail":[{"blog":{"name":"butterfliesinthegalaxy","active":true,"theme":{"header_full_width":685,"header_full_height":469,"header_focus_width":685,"header_focus_height":385,"avatar_shape":"square","background_color":"#E971AF","body_font":"Helvetica Neue","header_bounds":"26,685,411,0","header_image":"https://secure.static.tumblr.com/84570877459c1d9eb1ef4fbc155df396/br8dkoj/1gfnrdl2o/tumblr_static_filename.jpg","header_image_focused":"https://secure.static.tumblr.com/84570877459c1d9eb1ef4fbc155df396/br8dkoj/A6mnrdl2r/tumblr_static_tumblr_static_filename_focused_v3.jpg","header_image_scaled":"https://secure.static.tumblr.com/84570877459c1d9eb1ef4fbc155df396/br8dkoj/1gfnrdl2o/tumblr_static_filename_2048_v2.jpg","header_stretch":true,"link_color":"#4D4A4C","show_avatar":true,"show_description":true,"show_header_image":true,"show_title":true,"title_color":"#444444","title_font":"Typewriter FS","title_font_weight":"bold"},"share_likes":true,"share_following":false,"can_be_followed":true},"post":{"id":"131415463425"},"content_raw":"\u003cp\u003eCravings satisfied ✅ #bacon #baconator #wendys #fries #cravings #foodporn\u003c/p\u003e","content":"\u003cp\u003eCravings satisfied \u0026#9989; #bacon #baconator #wendys #fries #cravings #foodporn\u003c/p\u003e","is_current_item":true,"is_root_item":true}],"link_url":"https://instagram.com/p/8-w-Zcmk-9/","image_permalink":"http://butterfliesinthegalaxy.tumblr.com/image/131415463425","photos":[{"caption":"","alt_sizes":[{"url":"https://68.media.tumblr.com/34018a73e70bb79d0518be1cecd4214b/tumblr_nwf48lzJfk1qal2x0o1_1280.jpg","width":1080,"height":956},{"url":"https://68.media.tumblr.com/34018a73e70bb79d0518be1cecd4214b/tumblr_nwf48lzJfk1qal2x0o1_500.jpg","width":500,"height":443},{"url":"https://68.media.tumblr.com/34018a73e70bb79d0518be1cecd4214b/tumblr_nwf48lzJfk1qal2x0o1_400.jpg","width":400,"height":354},{"url":"https://68.media.tumblr.com/34018a73e70bb79d0518be1cecd4214b/tumblr_nwf48lzJfk1qal2x0o1_250.jpg","width":250,"height":221},{"url":"https://68.media.tumblr.com/34018a73e70bb79d0518be1cecd4214b/tumblr_nwf48lzJfk1qal2x0o1_100.jpg","width":100,"height":89},{"url":"https://68.media.tumblr.com/34018a73e70bb79d0518be1cecd4214b/tumblr_nwf48lzJfk1qal2x0o1_75sq.jpg","width":75,"height":75}],"original_size":{"url":"https://68.media.tumblr.com/34018a73e70bb79d0518be1cecd4214b/tumblr_nwf48lzJfk1qal2x0o1_1280.jpg","width":1080,"height":956}}],"liked_timestamp":1445268726,"can_like":false,"can_reblog":true,"can_send_in_message":true,"can_reply":false,"display_avatar":true},{"type":"photo","blog_name":"sfc0021","id":131364250486,"post_url":"http://sfc0021.tumblr.com/post/131364250486/this-is-the-best-stuff-on-earth","slug":"this-is-the-best-stuff-on-earth","date":"2015-10-17 18:49:13 GMT","timestamp":1445107753,"state":"published","format":"html","reblog_key":"CQlLW9KL","tags":["wendy's","chilisauce"],"short_url":"https://tmblr.co/Zdd-wv1wLwsDs","summary":"This is the best stuff on earth.","recommended_source":null,"recommended_color":null,"note_count":3,"caption":"\u003cp\u003eThis is the best stuff on earth.\u003c/p\u003e","reblog":{"tree_html":"","comment":"\u003cp\u003eThis is the best stuff on earth.\u003c/p\u003e"},"trail":[{"blog":{"name":"sfc0021","active":true,"theme":{"avatar_shape":"square","background_color":"#FAFAFA","body_font":"Helvetica Neue","header_bounds":"","header_image":"https://assets.tumblr.com/images/default_header/optica_pattern_08.png?_v=f0f055039bb6136b9661cf2227b535c2","header_image_focused":"https://assets.tumblr.com/images/default_header/optica_pattern_08_focused_v3.png?_v=f0f055039bb6136b9661cf2227b535c2","header_image_scaled":"https://assets.tumblr.com/images/default_header/optica_pattern_08_focused_v3.png?_v=f0f055039bb6136b9661cf2227b535c2","header_stretch":true,"link_color":"#529ECC","show_avatar":true,"show_description":true,"show_header_image":true,"show_title":true,"title_color":"#444444","title_font":"Gibson","title_font_weight":"bold"},"share_likes":true,"share_following":false,"can_be_followed":true},"post":{"id":"131364250486"},"content_raw":"\u003cp\u003eThis is the best stuff on earth.\u003c/p\u003e","content":"\u003cp\u003eThis is the best stuff on earth.\u003c/p\u003e","is_current_item":true,"is_root_item":true}],"image_permalink":"http://sfc0021.tumblr.com/image/131364250486","photos":[{"caption":"","alt_sizes":[{"url":"https://68.media.tumblr.com/8bacc56b5eb5c8e52f800ab4890cfa19/tumblr_nwdoa1QB2c1rpfj2qo1_1280.jpg","width":720,"height":1280},{"url":"https://68.media.tumblr.com/8bacc56b5eb5c8e52f800ab4890cfa19/tumblr_nwdoa1QB2c1rpfj2qo1_500.jpg","width":422,"height":750},{"url":"https://68.media.tumblr.com/8bacc56b5eb5c8e52f800ab4890cfa19/tumblr_nwdoa1QB2c1rpfj2qo1_400.jpg","width":338,"height":600},{"url":"https://68.media.tumblr.com/8bacc56b5eb5c8e52f800ab4890cfa19/tumblr_nwdoa1QB2c1rpfj2qo1_250.jpg","width":225,"height":400},{"url":"https://68.media.tumblr.com/8bacc56b5eb5c8e52f800ab4890cfa19/tumblr_nwdoa1QB2c1rpfj2qo1_100.jpg","width":100,"height":178},{"url":"https://68.media.tumblr.com/8bacc56b5eb5c8e52f800ab4890cfa19/tumblr_nwdoa1QB2c1rpfj2qo1_75sq.jpg","width":75,"height":75}],"original_size":{"url":"https://68.media.tumblr.com/8bacc56b5eb5c8e52f800ab4890cfa19/tumblr_nwdoa1QB2c1rpfj2qo1_1280.jpg","width":720,"height":1280}}],"liked_timestamp":1445268680,"can_like":false,"can_reblog":true,"can_send_in_message":true,"can_reply":false,"display_avatar":true},{"type":"photo","blog_name":"odravul","id":131164310498,"post_url":"http://odravul.tumblr.com/post/131164310498/inktober-hamburger-wendys-fries-cheese","slug":"inktober-hamburger-wendys-fries-cheese","date":"2015-10-14 17:23:28 GMT","timestamp":1444843408,"state":"published","format":"html","reblog_key":"vEhbGcsp","tags":["cheese","hamburger","fries","inktober","wendys","odravulart","odravul"],"short_url":"https://tmblr.co/ZZHRtx1wA08lY","summary":"#Inktober #hamburger #wendys #fries #cheese #odravul #odravulart","recommended_source":null,"recommended_color":null,"note_count":5,"caption":"\u003cp\u003e#Inktober #hamburger #wendys #fries #cheese #odravul #odravulart\u003c/p\u003e","reblog":{"tree_html":"","comment":"\u003cp\u003e#Inktober #hamburger #wendys #fries #cheese #odravul #odravulart\u003c/p\u003e"},"trail":[{"blog":{"name":"odravul","active":true,"theme":{"avatar_shape":"square","background_color":"#FAFAFA","body_font":"Helvetica Neue","header_bounds":"","header_image":"https://assets.tumblr.com/images/default_header/optica_pattern_08.png?_v=f0f055039bb6136b9661cf2227b535c2","header_image_focused":"https://assets.tumblr.com/images/default_header/optica_pattern_08_focused_v3.png?_v=f0f055039bb6136b9661cf2227b535c2","header_image_scaled":"https://assets.tumblr.com/images/default_header/optica_pattern_08_focused_v3.png?_v=f0f055039bb6136b9661cf2227b535c2","header_stretch":true,"link_color":"#529ECC","show_avatar":true,"show_description":true,"show_header_image":true,"show_title":true,"title_color":"#444444","title_font":"Gibson","title_font_weight":"bold"},"share_likes":true,"share_following":false,"can_be_followed":true},"post":{"id":"131164310498"},"content_raw":"\u003cp\u003e#Inktober #hamburger #wendys #fries #cheese #odravul #odravulart\u003c/p\u003e","content":"\u003cp\u003e#Inktober #hamburger #wendys #fries #cheese #odravul #odravulart\u003c/p\u003e","is_current_item":true,"is_root_item":true}],"link_url":"https://instagram.com/p/804VdJA7So/","image_permalink":"http://odravul.tumblr.com/image/131164310498","photos":[{"caption":"","alt_sizes":[{"url":"https://68.media.tumblr.com/ad58be05e8c94aea76c4d9eb09314c17/tumblr_nw80b4n8yI1qgqdmqo1_1280.jpg","width":612,"height":612},{"url":"https://68.media.tumblr.com/ad58be05e8c94aea76c4d9eb09314c17/tumblr_nw80b4n8yI1qgqdmqo1_500.jpg","width":500,"height":500},{"url":"https://68.media.tumblr.com/ad58be05e8c94aea76c4d9eb09314c17/tumblr_nw80b4n8yI1qgqdmqo1_400.jpg","width":400,"height":400},{"url":"https://68.media.tumblr.com/ad58be05e8c94aea76c4d9eb09314c17/tumblr_nw80b4n8yI1qgqdmqo1_250.jpg","width":250,"height":250},{"url":"https://68.media.tumblr.com/ad58be05e8c94aea76c4d9eb09314c17/tumblr_nw80b4n8yI1qgqdmqo1_100.jpg","width":100,"height":100},{"url":"https://68.media.tumblr.com/ad58be05e8c94aea76c4d9eb09314c17/tumblr_nw80b4n8yI1qgqdmqo1_75sq.jpg","width":75,"height":75}],"original_size":{"url":"https://68.media.tumblr.com/ad58be05e8c94aea76c4d9eb09314c17/tumblr_nw80b4n8yI1qgqdmqo1_1280.jpg","width":612,"height":612}}],"liked_timestamp":1444849007,"can_like":false,"can_reblog":true,"can_send_in_message":true,"can_reply":false,"display_avatar":true},{"type":"photo","blog_name":"pfcanada","id":131167693557,"post_url":"http://pfcanada.tumblr.com/post/131167693557/cravingschili-cheese-fries-and-junior","slug":"cravingschili-cheese-fries-and-junior","date":"2015-10-14 18:28:42 GMT","timestamp":1444847322,"state":"published","format":"html","reblog_key":"4xk0wDhi","tags":["juniorcheeseburger","fastfood","chilicheesefries","wendys","torontoeats","junkfood"],"short_url":"https://tmblr.co/Z-jNzl1wAD2hr","summary":"Cravings::chili cheese fries and junior cheeseburger. #wendys #chilicheesefries #juniorcheeseburger #fastfood #junkfood...","recommended_source":null,"recommended_color":null,"note_count":2,"caption":"\u003cp\u003eCravings::chili cheese fries and junior cheeseburger. #wendys #chilicheesefries #juniorcheeseburger #fastfood #junkfood #torontoeats  (à Wendy\u0026rsquo;s Restaurants of Canada Inc)\u003c/p\u003e","reblog":{"tree_html":"","comment":"\u003cp\u003eCravings::chili cheese fries and junior cheeseburger. #wendys #chilicheesefries #juniorcheeseburger #fastfood #junkfood #torontoeats  (à Wendy’s Restaurants of Canada Inc)\u003c/p\u003e"},"trail":[{"blog":{"name":"pfcanada","active":true,"theme":{"avatar_shape":"square","background_color":"#83bc5b","body_font":"Helvetica Neue","header_bounds":"","header_image":"https://secure.static.tumblr.com/58a25567cfb0299e1b8bdc1e077f9df1/iufhjff/s6dnfhaww/tumblr_static_filename.jpg","header_image_focused":"https://secure.static.tumblr.com/58a25567cfb0299e1b8bdc1e077f9df1/iufhjff/s6dnfhaww/tumblr_static_filename_2048_v2.jpg","header_image_scaled":"https://secure.static.tumblr.com/58a25567cfb0299e1b8bdc1e077f9df1/iufhjff/s6dnfhaww/tumblr_static_filename_2048_v2.jpg","header_stretch":true,"link_color":"#000000","show_avatar":true,"show_description":true,"show_header_image":true,"show_title":true,"title_color":"#444444","title_font":"Quadrat","title_font_weight":"bold"},"share_likes":true,"share_following":false,"can_be_followed":true},"post":{"id":"131167693557"},"content_raw":"\u003cp\u003eCravings::chili cheese fries and junior cheeseburger. #wendys #chilicheesefries #juniorcheeseburger #fastfood #junkfood #torontoeats  (à Wendy’s Restaurants of Canada Inc)\u003c/p\u003e","content":"\u003cp\u003eCravings::chili cheese fries and junior cheeseburger. #wendys #chilicheesefries #juniorcheeseburger #fastfood #junkfood #torontoeats  (\u0026agrave; Wendy\u0026rsquo;s Restaurants of Canada Inc)\u003c/p\u003e","is_current_item":true,"is_root_item":true}],"link_url":"https://instagram.com/p/80_zSZsMGj/","image_permalink":"http://pfcanada.tumblr.com/image/131167693557","photos":[{"caption":"","alt_sizes":[{"url":"https://68.media.tumblr.com/0c8d51347423e25980caad4b493436cd/tumblr_nw83buEoQJ1u4ou6yo1_1280.jpg","width":1080,"height":1080},{"url":"https://68.media.tumblr.com/0c8d51347423e25980caad4b493436cd/tumblr_nw83buEoQJ1u4ou6yo1_500.jpg","width":500,"height":500},{"url":"https://68.media.tumblr.com/0c8d51347423e25980caad4b493436cd/tumblr_nw83buEoQJ1u4ou6yo1_400.jpg","width":400,"height":400},{"url":"https://68.media.tumblr.com/0c8d51347423e25980caad4b493436cd/tumblr_nw83buEoQJ1u4ou6yo1_250.jpg","width":250,"height":250},{"url":"https://68.media.tumblr.com/0c8d51347423e25980caad4b493436cd/tumblr_nw83buEoQJ1u4ou6yo1_100.jpg","width":100,"height":100},{"url":"https://68.media.tumblr.com/0c8d51347423e25980caad4b493436cd/tumblr_nw83buEoQJ1u4ou6yo1_75sq.jpg","width":75,"height":75}],"original_size":{"url":"https://68.media.tumblr.com/0c8d51347423e25980caad4b493436cd/tumblr_nw83buEoQJ1u4ou6yo1_1280.jpg","width":1080,"height":1080}}],"liked_timestamp":1444848977,"can_like":false,"can_reblog":true,"can_send_in_message":true,"can_reply":false,"display_avatar":true},{"type":"photo","blog_name":"mellownarcoticx","id":130971216911,"post_url":"http://mellownarcoticx.tumblr.com/post/130971216911/baconator-x","slug":"baconator-x","date":"2015-10-11 20:37:01 GMT","timestamp":1444595821,"state":"published","format":"html","reblog_key":"DcmfU690","tags":["wendys","fries","burger"],"short_url":"https://tmblr.co/ZPlWAl1v_VYmF","summary":"baconator x)","recommended_source":null,"recommended_color":null,"note_count":4,"caption":"\u003cp\u003ebaconator x)\u003c/p\u003e","reblog":{"tree_html":"","comment":"\u003cp\u003ebaconator x)\u003c/p\u003e"},"trail":[{"blog":{"name":"mellownarcoticx","active":true,"theme":{"header_full_width":1920,"header_full_height":1080,"header_focus_width":1919,"header_focus_height":1080,"avatar_shape":"circle","background_color":"#000000","body_font":"Helvetica Neue","header_bounds":"0,1919,1080,0","header_image":"https://secure.static.tumblr.com/5c595ab5a2428be390cb7f707998bea4/ogtmfmh/fYGo3eorp/tumblr_static_a2jmg87pbfkg0cc04s40owg4w.jpg","header_image_focused":"https://secure.static.tumblr.com/5c595ab5a2428be390cb7f707998bea4/ogtmfmh/N2ao3eors/tumblr_static_tumblr_static_a2jmg87pbfkg0cc04s40owg4w_focused_v3.jpg","header_image_scaled":"https://secure.static.tumblr.com/5c595ab5a2428be390cb7f707998bea4/ogtmfmh/fYGo3eorp/tumblr_static_a2jmg87pbfkg0cc04s40owg4w_2048_v2.jpg","header_stretch":true,"link_color":"#ffffff","show_avatar":true,"show_description":true,"show_header_image":false,"show_title":true,"title_color":"#59ff00","title_font":"Streetscript","title_font_weight":"bold"},"share_likes":true,"share_following":false,"can_be_followed":true},"post":{"id":"130971216911"},"content_raw":"\u003cp\u003ebaconator x)\u003c/p\u003e","content":"\u003cp\u003ebaconator x)\u003c/p\u003e","is_current_item":true,"is_root_item":true}],"image_permalink":"http://mellownarcoticx.tumblr.com/image/130971216911","photos":[{"caption":"","alt_sizes":[{"url":"https://68.media.tumblr.com/f95483417d2b8dcf69b071bdb30ba8a4/tumblr_nw2p9puZwa1up98veo1_1280.jpg","width":1280,"height":1707},{"url":"https://68.media.tumblr.com/f95483417d2b8dcf69b071bdb30ba8a4/tumblr_nw2p9puZwa1up98veo1_500.jpg","width":500,"height":667},{"url":"https://68.media.tumblr.com/f95483417d2b8dcf69b071bdb30ba8a4/tumblr_nw2p9puZwa1up98veo1_400.jpg","width":400,"height":533},{"url":"https://68.media.tumblr.com/f95483417d2b8dcf69b071bdb30ba8a4/tumblr_nw2p9puZwa1up98veo1_250.jpg","width":250,"height":333},{"url":"https://68.media.tumblr.com/f95483417d2b8dcf69b071bdb30ba8a4/tumblr_nw2p9puZwa1up98veo1_100.jpg","width":100,"height":133},{"url":"https://68.media.tumblr.com/f95483417d2b8dcf69b071bdb30ba8a4/tumblr_nw2p9puZwa1up98veo1_75sq.jpg","width":75,"height":75}],"original_size":{"url":"https://68.media.tumblr.com/f95483417d2b8dcf69b071bdb30ba8a4/tumblr_nw2p9puZwa1up98veo1_1280.jpg","width":1280,"height":1707},"exif":{"Camera":"LG Electronics LG-D500","ISO":1200,"Aperture":"f/2.4","Exposure":"1/16th","FocalLength":"3mm"}}],"liked_timestamp":1444763783,"can_like":false,"can_reblog":true,"can_send_in_message":true,"can_reply":false,"display_avatar":true},{"type":"photo","blog_name":"nancyehb","id":130981504839,"post_url":"http://nancyehb.tumblr.com/post/130981504839/catsofinstagram-sunny-loves-wendys-fries","slug":"catsofinstagram-sunny-loves-wendys-fries","date":"2015-10-11 23:28:35 GMT","timestamp":1444606115,"state":"published","format":"html","reblog_key":"voP0xz5I","tags":["wendys","catsofinstagram","sunny","fries"],"short_url":"https://tmblr.co/ZO-3Vs1v-6oT7","summary":"#catsofinstagram #Sunny loves #wendys #fries","recommended_source":null,"recommended_color":null,"note_count":7,"caption":"\u003cp\u003e#catsofinstagram #Sunny loves #wendys #fries\u003c/p\u003e","reblog":{"tree_html":"","comment":"\u003cp\u003e#catsofinstagram #Sunny loves #wendys #fries\u003c/p\u003e"},"trail":[{"blog":{"name":"nancyehb","active":true,"theme":{"header_full_width":292,"header_full_height":292,"header_focus_width":243,"header_focus_height":136,"avatar_shape":"square","background_color":"#B392C9","body_font":"Helvetica Neue","header_bounds":"93,256,229,13","header_image":"https://secure.static.tumblr.com/8cb7306d8eb463812fa2aff7c432b4a2/vooa2vv/8SXnehjze/tumblr_static_.jpg","header_image_focused":"https://secure.static.tumblr.com/8cb7306d8eb463812fa2aff7c432b4a2/vooa2vv/haRnehjze/tumblr_static_tumblr_static__focused_v3.jpg","header_image_scaled":"https://secure.static.tumblr.com/8cb7306d8eb463812fa2aff7c432b4a2/vooa2vv/8SXnehjze/tumblr_static__2048_v2.jpg","header_stretch":true,"link_color":"#BBABDA","show_avatar":true,"show_description":true,"show_header_image":true,"show_title":true,"title_color":"#444444","title_font":"Gibson","title_font_weight":"bold"},"share_likes":true,"share_following":false,"can_be_followed":true},"post":{"id":"130981504839"},"content_raw":"\u003cp\u003e#catsofinstagram #Sunny loves #wendys #fries\u003c/p\u003e","content":"\u003cp\u003e#catsofinstagram #Sunny loves #wendys #fries\u003c/p\u003e","is_current_item":true,"is_root_item":true}],"link_url":"https://instagram.com/p/8tzvEBw6byaj94wfKQjqkid2_myWX7-NiF-tQ0/","image_permalink":"http://nancyehb.tumblr.com/image/130981504839","photos":[{"caption":"","alt_sizes":[{"url":"https://68.media.tumblr.com/9c0e7628a9ed519a95e18ef3eed12132/tumblr_nw2x7nqG7V1so4z04o1_1280.jpg","width":1080,"height":810},{"url":"https://68.media.tumblr.com/9c0e7628a9ed519a95e18ef3eed12132/tumblr_nw2x7nqG7V1so4z04o1_500.jpg","width":500,"height":375},{"url":"https://68.media.tumblr.com/9c0e7628a9ed519a95e18ef3eed12132/tumblr_nw2x7nqG7V1so4z04o1_400.jpg","width":400,"height":300},{"url":"https://68.media.tumblr.com/9c0e7628a9ed519a95e18ef3eed12132/tumblr_nw2x7nqG7V1so4z04o1_250.jpg","width":250,"height":188},{"url":"https://68.media.tumblr.com/9c0e7628a9ed519a95e18ef3eed12132/tumblr_nw2x7nqG7V1so4z04o1_100.jpg","width":100,"height":75},{"url":"https://68.media.tumblr.com/9c0e7628a9ed519a95e18ef3eed12132/tumblr_nw2x7nqG7V1so4z04o1_75sq.jpg","width":75,"height":75}],"original_size":{"url":"https://68.media.tumblr.com/9c0e7628a9ed519a95e18ef3eed12132/tumblr_nw2x7nqG7V1so4z04o1_1280.jpg","width":1080,"height":810}}],"liked_timestamp":1444763774,"can_like":false,"can_reblog":true,"can_send_in_message":true,"can_reply":false,"display_avatar":true},{"type":"photo","blog_name":"itsduckhuntingdavy","id":130449856848,"post_url":"http://itsduckhuntingdavy.tumblr.com/post/130449856848/yeah-i-made-a-wendys-in-happy-home-designer","slug":"yeah-i-made-a-wendys-in-happy-home-designer","date":"2015-10-04 03:55:25 GMT","timestamp":1443930925,"state":"published","format":"html","reblog_key":"pTJaPzLY","tags":["animal crossing happy home designer","animal crossing","wendy's","screenshot","Lottie","Digby","Sable","Harriet","Frita"],"short_url":"https://tmblr.co/ZPehYj1vVQjbG","summary":"Yeah, I made a Wendy’s in Happy Home Designer.","recommended_source":null,"recommended_color":null,"note_count":8,"caption":"\u003cp\u003eYeah, I made a Wendy’s in Happy Home Designer.\u003cbr/\u003e\u003c/p\u003e","reblog":{"tree_html":"","comment":"\u003cp\u003eYeah, I made a Wendy’s in Happy Home Designer.\u003cbr\u003e\u003c/p\u003e"},"trail":[{"blog":{"name":"itsduckhuntingdavy","active":true,"theme":{"header_full_width":1280,"header_full_height":600,"header_focus_width":1066,"header_focus_height":600,"avatar_shape":"circle","background_color":"#ff8b00","body_font":"Helvetica Neue","header_bounds":"0,1147,600,81","header_image":"https://secure.static.tumblr.com/c40d77d6b01fc901c039b4f77383ba9f/xc3gpmq/qE2ntzx4y/tumblr_static_bp2fjdblmd4wco0wc0skcgsoo.jpg","header_image_focused":"https://secure.static.tumblr.com/c40d77d6b01fc901c039b4f77383ba9f/xc3gpmq/nXNntzx4z/tumblr_static_tumblr_static_bp2fjdblmd4wco0wc0skcgsoo_focused_v3.jpg","header_image_scaled":"https://secure.static.tumblr.com/c40d77d6b01fc901c039b4f77383ba9f/xc3gpmq/qE2ntzx4y/tumblr_static_bp2fjdblmd4wco0wc0skcgsoo_2048_v2.jpg","header_stretch":true,"link_color":"#f0057e","show_avatar":true,"show_description":true,"show_header_image":true,"show_title":true,"title_color":"#ff0000","title_font":"Ziclets","title_font_weight":"bold"},"share_likes":true,"share_following":false,"can_be_followed":true},"post":{"id":"130449856848"},"content_raw":"\u003cp\u003eYeah, I made a Wendy’s in Happy Home Designer.\u003cbr\u003e\u003c/p\u003e","content":"\u003cp\u003eYeah, I made a Wendy\u0026rsquo;s in Happy Home Designer.\u003cbr /\u003e\u003c/p\u003e","is_current_item":true,"is_root_item":true}],"photoset_layout":"11","photos":[{"caption":"","alt_sizes":[{"url":"https://68.media.tumblr.com/1cc869983717d0269dbecf8d69378680/tumblr_nvog8d9aOF1uftzpwo1_400.jpg","width":400,"height":240},{"url":"https://68.media.tumblr.com/1cc869983717d0269dbecf8d69378680/tumblr_nvog8d9aOF1uftzpwo1_250.jpg","width":250,"height":150},{"url":"https://68.media.tumblr.com/1cc869983717d0269dbecf8d69378680/tumblr_nvog8d9aOF1uftzpwo1_100.jpg","width":100,"height":60},{"url":"https://68.media.tumblr.com/1cc869983717d0269dbecf8d69378680/tumblr_nvog8d9aOF1uftzpwo1_75sq.jpg","width":75,"height":75}],"original_size":{"url":"https://68.media.tumblr.com/1cc869983717d0269dbecf8d69378680/tumblr_nvog8d9aOF1uftzpwo1_400.jpg","width":400,"height":240},"exif":{"Camera":"Nintendo 3DS"}},{"caption":"","alt_sizes":[{"url":"https://68.media.tumblr.com/996566ce9b24619a39c14bb954b4206d/tumblr_nvog8d9aOF1uftzpwo2_400.jpg","width":400,"height":240},{"url":"https://68.media.tumblr.com/996566ce9b24619a39c14bb954b4206d/tumblr_nvog8d9aOF1uftzpwo2_250.jpg","width":250,"height":150},{"url":"https://68.media.tumblr.com/996566ce9b24619a39c14bb954b4206d/tumblr_nvog8d9aOF1uftzpwo2_100.jpg","width":100,"height":60},{"url":"https://68.media.tumblr.com/996566ce9b24619a39c14bb954b4206d/tumblr_nvog8d9aOF1uftzpwo2_75sq.jpg","width":75,"height":75}],"original_size":{"url":"https://68.media.tumblr.com/996566ce9b24619a39c14bb954b4206d/tumblr_nvog8d9aOF1uftzpwo2_400.jpg","width":400,"height":240},"exif":{"Camera":"Nintendo 3DS"}}],"liked_timestamp":1444762278,"can_like":false,"can_reblog":true,"can_send_in_message":true,"can_reply":false,"display_avatar":true},{"type":"photo","blog_name":"delinquentlife","id":130850921855,"post_url":"http://delinquentlife.tumblr.com/post/130850921855","slug":"","date":"2015-10-10 02:08:15 GMT","timestamp":1444442895,"state":"published","format":"html","reblog_key":"9nlKOdmm","tags":["Wendy's","food porn","foodporn","fast food"],"short_url":"https://tmblr.co/ZBXDxu1vtKfr-","summary":"","recommended_source":null,"recommended_color":null,"note_count":3,"caption":"","reblog":{"tree_html":"","comment":""},"trail":[],"image_permalink":"http://delinquentlife.tumblr.com/image/130850921855","photos":[{"caption":"","alt_sizes":[{"url":"https://68.media.tumblr.com/b7b759f2987b918cc3291e58be81a061/tumblr_nvzf9rkjoL1rze9vco1_1280.jpg","width":1280,"height":720},{"url":"https://68.media.tumblr.com/b7b759f2987b918cc3291e58be81a061/tumblr_nvzf9rkjoL1rze9vco1_500.jpg","width":500,"height":281},{"url":"https://68.media.tumblr.com/b7b759f2987b918cc3291e58be81a061/tumblr_nvzf9rkjoL1rze9vco1_400.jpg","width":400,"height":225},{"url":"https://68.media.tumblr.com/b7b759f2987b918cc3291e58be81a061/tumblr_nvzf9rkjoL1rze9vco1_250.jpg","width":250,"height":141},{"url":"https://68.media.tumblr.com/b7b759f2987b918cc3291e58be81a061/tumblr_nvzf9rkjoL1rze9vco1_100.jpg","width":100,"height":56},{"url":"https://68.media.tumblr.com/b7b759f2987b918cc3291e58be81a061/tumblr_nvzf9rkjoL1rze9vco1_75sq.jpg","width":75,"height":75}],"original_size":{"url":"https://68.media.tumblr.com/b7b759f2987b918cc3291e58be81a061/tumblr_nvzf9rkjoL1rze9vco1_1280.jpg","width":1280,"height":720}}],"liked_timestamp":1444762236,"can_like":false,"can_reblog":true,"can_send_in_message":true,"can_reply":false,"display_avatar":true},{"type":"photo","blog_name":"londonlockhart","id":131058537900,"post_url":"http://londonlockhart.tumblr.com/post/131058537900/when-i-go-to-wendys-i-like-to-dip-my-fries-in-my","slug":"when-i-go-to-wendys-i-like-to-dip-my-fries-in-my","date":"2015-10-13 01:27:23 GMT","timestamp":1444699643,"state":"published","format":"html","reblog_key":"FyOCCycB","tags":["wendys","fries","chocolate","yum","frosty","iloveit","dip"],"short_url":"https://tmblr.co/Zmi9Ix1w3ifMi","summary":"When I go to Wendy's I like to dip my fries in my chocolate frosty. So good! #Wendys #Fries #Frosty #Chocolate #Dip #Yum...","recommended_source":null,"recommended_color":null,"note_count":2,"caption":"\u003cp\u003eWhen I go to Wendy\u0026rsquo;s I like to dip my fries in my chocolate frosty. So good! #Wendys #Fries #Frosty #Chocolate #Dip #Yum #ILoveIt  (at Wendy\u0026rsquo;s)\u003c/p\u003e","reblog":{"tree_html":"","comment":"\u003cp\u003eWhen I go to Wendy’s I like to dip my fries in my chocolate frosty. So good! #Wendys #Fries #Frosty #Chocolate #Dip #Yum #ILoveIt  (at Wendy’s)\u003c/p\u003e"},"trail":[{"blog":{"name":"londonlockhart","active":true,"theme":{"avatar_shape":"circle","background_color":"#B73084","body_font":"Helvetica Neue","header_bounds":"","header_image":"https://secure.static.tumblr.com/de65903b7e1b8f5d6bebf2f833ae3c79/nqdtzwv/Cttn7ytxi/tumblr_static_filename.jpg","header_image_focused":"https://secure.static.tumblr.com/de65903b7e1b8f5d6bebf2f833ae3c79/nqdtzwv/Cttn7ytxi/tumblr_static_filename_2048_v2.jpg","header_image_scaled":"https://secure.static.tumblr.com/de65903b7e1b8f5d6bebf2f833ae3c79/nqdtzwv/Cttn7ytxi/tumblr_static_filename_2048_v2.jpg","header_stretch":true,"link_color":"#529ECC","show_avatar":true,"show_description":true,"show_header_image":true,"show_title":true,"title_color":"#444444","title_font":"Helvetica Neue","title_font_weight":"bold"},"share_likes":true,"share_following":false,"can_be_followed":true},"post":{"id":"131058537900"},"content_raw":"\u003cp\u003eWhen I go to Wendy’s I like to dip my fries in my chocolate frosty. So good! #Wendys #Fries #Frosty #Chocolate #Dip #Yum #ILoveIt  (at Wendy’s)\u003c/p\u003e","content":"\u003cp\u003eWhen I go to Wendy\u0026rsquo;s I like to dip my fries in my chocolate frosty. So good! #Wendys #Fries #Frosty #Chocolate #Dip #Yum #ILoveIt  (at Wendy\u0026rsquo;s)\u003c/p\u003e","is_current_item":true,"is_root_item":true}],"link_url":"https://instagram.com/p/8wmHzUkfFT/","image_permalink":"http://londonlockhart.tumblr.com/image/131058537900","photos":[{"caption":"","alt_sizes":[{"url":"https://68.media.tumblr.com/0d175a038631c3258e0c0ea4ae97cfb8/tumblr_nw4xdnVg4X1qm76xfo1_1280.jpg","width":1080,"height":1080},{"url":"https://68.media.tumblr.com/0d175a038631c3258e0c0ea4ae97cfb8/tumblr_nw4xdnVg4X1qm76xfo1_500.jpg","width":500,"height":500},{"url":"https://68.media.tumblr.com/0d175a038631c3258e0c0ea4ae97cfb8/tumblr_nw4xdnVg4X1qm76xfo1_400.jpg","width":400,"height":400},{"url":"https://68.media.tumblr.com/0d175a038631c3258e0c0ea4ae97cfb8/tumblr_nw4xdnVg4X1qm76xfo1_250.jpg","width":250,"height":250},{"url":"https://68.media.tumblr.com/0d175a038631c3258e0c0ea4ae97cfb8/tumblr_nw4xdnVg4X1qm76xfo1_100.jpg","width":100,"height":100},{"url":"https://68.media.tumblr.com/0d175a038631c3258e0c0ea4ae97cfb8/tumblr_nw4xdnVg4X1qm76xfo1_75sq.jpg","width":75,"height":75}],"original_size":{"url":"https://68.media.tumblr.com/0d175a038631c3258e0c0ea4ae97cfb8/tumblr_nw4xdnVg4X1qm76xfo1_1280.jpg","width":1080,"height":1080}}],"liked_timestamp":1444762195,"can_like":false,"can_reblog":true,"can_send_in_message":true,"can_reply":false,"display_avatar":true},{"type":"photo","blog_name":"yetis-big-adventure","id":120099984282,"post_url":"http://yetis-big-adventure.tumblr.com/post/120099984282/52815-went-to-the-first-ever-wendys-in","slug":"52815-went-to-the-first-ever-wendys-in","date":"2015-05-28 12:25:24 GMT","timestamp":1432815924,"state":"published","format":"html","reblog_key":"WliJdv5c","tags":["road trip","cross country","Wendy's","Dublin Ohio"],"short_url":"https://tmblr.co/ZGZ0Yk1lsX5EQ","summary":"5/28/15\n\nWent to the first ever Wendy's in Dublin, Ohio!","recommended_source":null,"recommended_color":null,"note_count":6,"caption":"\u003cp\u003e5/28/15\u003c/p\u003e\n\n\u003cp\u003eWent to the first ever Wendy\u0026rsquo;s in Dublin, Ohio!\u003c/p\u003e","reblog":{"tree_html":"","comment":"\u003cp\u003e5/28/15\u003c/p\u003e\n\n\u003cp\u003eWent to the first ever Wendy’s in Dublin, Ohio!\u003c/p\u003e"},"trail":[{"blog":{"name":"yetis-big-adventure","active":true,"theme":{"header_full_width":936,"header_full_height":360,"header_focus_width":497,"header_focus_height":280,"avatar_shape":"square","background_color":"#FAFAFA","body_font":"Helvetica Neue","header_bounds":"55,712,335,215","header_image":"https://secure.static.tumblr.com/281dee68b35c18efa6805cc4fdc11ca3/ziijewv/KtFno9tr4/tumblr_static_4h0rgp9ndxk44w84w0ow8wksw.jpg","header_image_focused":"https://secure.static.tumblr.com/281dee68b35c18efa6805cc4fdc11ca3/ziijewv/JObno9try/tumblr_static_tumblr_static_4h0rgp9ndxk44w84w0ow8wksw_focused_v3.jpg","header_image_scaled":"https://secure.static.tumblr.com/281dee68b35c18efa6805cc4fdc11ca3/ziijewv/KtFno9tr4/tumblr_static_4h0rgp9ndxk44w84w0ow8wksw_2048_v2.jpg","header_stretch":true,"link_color":"#529ECC","show_avatar":true,"show_description":true,"show_header_image":true,"show_title":true,"title_color":"#444444","title_font":"Gibson","title_font_weight":"bold"},"share_likes":true,"share_following":false,"can_be_followed":true},"post":{"id":"120099984282"},"content_raw":"\u003cp\u003e5/28/15\u003c/p\u003e\n\n\u003cp\u003eWent to the first ever Wendy’s in Dublin, Ohio!\u003c/p\u003e","content":"\u003cp\u003e5/28/15\u003c/p\u003e\n\n\u003cp\u003eWent to the first ever Wendy\u0026rsquo;s in Dublin, Ohio!\u003c/p\u003e","is_current_item":true,"is_root_item":true}],"photoset_layout":"2","photos":[{"caption":"","alt_sizes":[{"url":"https://68.media.tumblr.com/6925415fa35aab78053c489ab8a3eb18/tumblr_np27ucTfIS1uvxg4po1_1280.jpg","width":960,"height":1280},{"url":"https://68.media.tumblr.com/6925415fa35aab78053c489ab8a3eb18/tumblr_np27ucTfIS1uvxg4po1_500.jpg","width":500,"height":667},{"url":"https://68.media.tumblr.com/6925415fa35aab78053c489ab8a3eb18/tumblr_np27ucTfIS1uvxg4po1_400.jpg","width":400,"height":533},{"url":"https://68.media.tumblr.com/6925415fa35aab78053c489ab8a3eb18/tumblr_np27ucTfIS1uvxg4po1_250.jpg","width":250,"height":333},{"url":"https://68.media.tumblr.com/6925415fa35aab78053c489ab8a3eb18/tumblr_np27ucTfIS1uvxg4po1_100.jpg","width":100,"height":133},{"url":"https://68.media.tumblr.com/6925415fa35aab78053c489ab8a3eb18/tumblr_np27ucTfIS1uvxg4po1_75sq.jpg","width":75,"height":75}],"original_size":{"url":"https://68.media.tumblr.com/6925415fa35aab78053c489ab8a3eb18/tumblr_np27ucTfIS1uvxg4po1_1280.jpg","width":960,"height":1280}},{"caption":"","alt_sizes":[{"url":"https://68.media.tumblr.com/98456d87c6a346b6f396b1f7f4f3799c/tumblr_np27ucTfIS1uvxg4po2_1280.jpg","width":960,"height":1280},{"url":"https://68.media.tumblr.com/98456d87c6a346b6f396b1f7f4f3799c/tumblr_np27ucTfIS1uvxg4po2_500.jpg","width":500,"height":667},{"url":"https://68.media.tumblr.com/98456d87c6a346b6f396b1f7f4f3799c/tumblr_np27ucTfIS1uvxg4po2_400.jpg","width":400,"height":533},{"url":"https://68.media.tumblr.com/98456d87c6a346b6f396b1f7f4f3799c/tumblr_np27ucTfIS1uvxg4po2_250.jpg","width":250,"height":333},{"url":"https://68.media.tumblr.com/98456d87c6a346b6f396b1f7f4f3799c/tumblr_np27ucTfIS1uvxg4po2_100.jpg","width":100,"height":133},{"url":"https://68.media.tumblr.com/98456d87c6a346b6f396b1f7f4f3799c/tumblr_np27ucTfIS1uvxg4po2_75sq.jpg","width":75,"height":75}],"original_size":{"url":"https://68.media.tumblr.com/98456d87c6a346b6f396b1f7f4f3799c/tumblr_np27ucTfIS1uvxg4po2_1280.jpg","width":960,"height":1280}}],"liked_timestamp":1444752829,"can_like":false,"can_reblog":true,"can_send_in_message":true,"can_reply":false,"display_avatar":true},{"type":"photo","blog_name":"xthe-sun-also-rises","id":114236398762,"post_url":"http://xthe-sun-also-rises.tumblr.com/post/114236398762","slug":"","date":"2015-03-21 18:22:29 GMT","timestamp":1426962149,"state":"published","format":"html","reblog_key":"jcEVDHRA","tags":["unbreakable kimmy schmidt","ellie kemper","vera","this show is so great","wendy's"],"short_url":"https://tmblr.co/ZuOjxw1gP1Hog","summary":"","recommended_source":null,"recommended_color":null,"note_count":9,"caption":"","reblog":{"tree_html":"","comment":""},"trail":[],"photoset_layout":"11","photos":[{"caption":"","alt_sizes":[{"url":"https://68.media.tumblr.com/ce7003913692c6ed1bd351d5f558bd23/tumblr_nlkr1hyy1U1r2cn10o1_1280.jpg","width":1280,"height":960},{"url":"https://68.media.tumblr.com/ce7003913692c6ed1bd351d5f558bd23/tumblr_nlkr1hyy1U1r2cn10o1_500.jpg","width":500,"height":375},{"url":"https://68.media.tumblr.com/ce7003913692c6ed1bd351d5f558bd23/tumblr_nlkr1hyy1U1r2cn10o1_400.jpg","width":400,"height":300},{"url":"https://68.media.tumblr.com/ce7003913692c6ed1bd351d5f558bd23/tumblr_nlkr1hyy1U1r2cn10o1_250.jpg","width":250,"height":188},{"url":"https://68.media.tumblr.com/ce7003913692c6ed1bd351d5f558bd23/tumblr_nlkr1hyy1U1r2cn10o1_100.jpg","width":100,"height":75},{"url":"https://68.media.tumblr.com/ce7003913692c6ed1bd351d5f558bd23/tumblr_nlkr1hyy1U1r2cn10o1_75sq.jpg","width":75,"height":75}],"original_size":{"url":"https://68.media.tumblr.com/ce7003913692c6ed1bd351d5f558bd23/tumblr_nlkr1hyy1U1r2cn10o1_1280.jpg","width":1280,"height":960}},{"caption":"","alt_sizes":[{"url":"https://68.media.tumblr.com/edd2ca0eee554ae423219e72cc1d4217/tumblr_nlkr1hyy1U1r2cn10o2_1280.jpg","width":1280,"height":960},{"url":"https://68.media.tumblr.com/edd2ca0eee554ae423219e72cc1d4217/tumblr_nlkr1hyy1U1r2cn10o2_500.jpg","width":500,"height":375},{"url":"https://68.media.tumblr.com/edd2ca0eee554ae423219e72cc1d4217/tumblr_nlkr1hyy1U1r2cn10o2_400.jpg","width":400,"height":300},{"url":"https://68.media.tumblr.com/edd2ca0eee554ae423219e72cc1d4217/tumblr_nlkr1hyy1U1r2cn10o2_250.jpg","width":250,"height":188},{"url":"https://68.media.tumblr.com/edd2ca0eee554ae423219e72cc1d4217/tumblr_nlkr1hyy1U1r2cn10o2_100.jpg","width":100,"height":75},{"url":"https://68.media.tumblr.com/edd2ca0eee554ae423219e72cc1d4217/tumblr_nlkr1hyy1U1r2cn10o2_75sq.jpg","width":75,"height":75}],"original_size":{"url":"https://68.media.tumblr.com/edd2ca0eee554ae423219e72cc1d4217/tumblr_nlkr1hyy1U1r2cn10o2_1280.jpg","width":1280,"height":960}}],"liked_timestamp":1444751807,"can_like":false,"can_reblog":true,"can_send_in_message":true,"can_reply":false,"display_avatar":true},{"type":"photo","blog_name":"welcometoyouredoom","id":113875925022,"post_url":"http://welcometoyouredoom.tumblr.com/post/113875925022","slug":"","date":"2015-03-17 14:55:56 GMT","timestamp":1426604156,"state":"published","format":"html","reblog_key":"DApfRHnU","tags":["funny","star wars","mace windu","wendy's","old republic","bantha","nikoby","lol"],"short_url":"https://tmblr.co/ZQvAmo1g3YBWU","summary":"","recommended_source":null,"recommended_color":null,"note_count":13,"caption":"","reblog":{"tree_html":"","comment":""},"trail":[],"image_permalink":"http://welcometoyouredoom.tumblr.com/image/113875925022","photos":[{"caption":"","alt_sizes":[{"url":"https://68.media.tumblr.com/fc0cd72485713abc928aab01d9fce3fa/tumblr_nlcvgwp83h1tpri36o1_500.jpg","width":500,"height":615},{"url":"https://68.media.tumblr.com/fc0cd72485713abc928aab01d9fce3fa/tumblr_nlcvgwp83h1tpri36o1_400.jpg","width":400,"height":492},{"url":"https://68.media.tumblr.com/fc0cd72485713abc928aab01d9fce3fa/tumblr_nlcvgwp83h1tpri36o1_250.jpg","width":250,"height":308},{"url":"https://68.media.tumblr.com/fc0cd72485713abc928aab01d9fce3fa/tumblr_nlcvgwp83h1tpri36o1_100.jpg","width":100,"height":123},{"url":"https://68.media.tumblr.com/fc0cd72485713abc928aab01d9fce3fa/tumblr_nlcvgwp83h1tpri36o1_75sq.jpg","width":75,"height":75}],"original_size":{"url":"https://68.media.tumblr.com/fc0cd72485713abc928aab01d9fce3fa/tumblr_nlcvgwp83h1tpri36o1_500.jpg","width":500,"height":615}}],"liked_timestamp":1444751790,"can_like":false,"can_reblog":true,"can_send_in_message":true,"can_reply":false,"display_avatar":true},{"type":"photo","blog_name":"colouredbills","id":108455771816,"post_url":"http://colouredbills.tumblr.com/post/108455771816","slug":"dont-watch-me-watch-tv","date":"2015-01-18 17:17:32 GMT","timestamp":1421601452,"state":"published","format":"html","reblog_key":"23XEJIHs","tags":["80s","wendy's","commercial","vhs","gif"],"short_url":"https://tmblr.co/Z1f9dr1b0Txwe","summary":"Don't Watch Me Watch TV","recommended_source":null,"recommended_color":null,"note_count":13,"caption":"\u003cp\u003e\u003ca href=\"http://colouredbills.tumblr.com\"\u003eDon\u0026rsquo;t Watch Me Watch TV\u003c/a\u003e\u003c/p\u003e","reblog":{"tree_html":"","comment":"\u003cp\u003e\u003ca href=\"http://colouredbills.tumblr.com\"\u003eDon’t Watch Me Watch TV\u003c/a\u003e\u003c/p\u003e"},"trail":[{"blog":{"name":"colouredbills","active":true,"theme":{"header_full_width":2048,"header_full_height":1652,"header_focus_width":2019,"header_focus_height":1135,"avatar_shape":"square","background_color":"#F6F6F6","body_font":"Helvetica Neue","header_bounds":"389,2033,1524,14","header_image":"https://secure.static.tumblr.com/e3ed176454fd6535a083b9230e93b21a/jzc3nzx/bYmnfbeuk/tumblr_static_6cx4emb7l5gc4kksk04cgkowg.jpg","header_image_focused":"https://secure.static.tumblr.com/e3ed176454fd6535a083b9230e93b21a/jzc3nzx/g6Qnfbeuo/tumblr_static_tumblr_static_6cx4emb7l5gc4kksk04cgkowg_focused_v3.jpg","header_image_scaled":"https://secure.static.tumblr.com/e3ed176454fd6535a083b9230e93b21a/jzc3nzx/bYmnfbeuk/tumblr_static_6cx4emb7l5gc4kksk04cgkowg_2048_v2.jpg","header_stretch":true,"link_color":"#529ECC","show_avatar":true,"show_description":true,"show_header_image":true,"show_title":true,"title_color":"#444444","title_font":"Helvetica Neue","title_font_weight":"bold"},"share_likes":true,"share_following":false,"can_be_followed":true},"post":{"id":"108455771816"},"content_raw":"\u003cp\u003e\u003ca href=\"http://colouredbills.tumblr.com\"\u003eDon’t Watch Me Watch TV\u003c/a\u003e\u003c/p\u003e","content":"\u003cp\u003e\u003ca href=\"http://colouredbills.tumblr.com\"\u003eDon\u0026rsquo;t Watch Me Watch TV\u003c/a\u003e\u003c/p\u003e","is_current_item":true,"is_root_item":true}],"image_permalink":"http://colouredbills.tumblr.com/image/108455771816","photos":[{"caption":"","alt_sizes":[{"url":"https://68.media.tumblr.com/30a3ad96919800d5bca9c1efe8315dde/tumblr_nidup8yeNV1swhepeo1_500.gif","width":465,"height":357},{"url":"https://68.media.tumblr.com/30a3ad96919800d5bca9c1efe8315dde/tumblr_nidup8yeNV1swhepeo1_400.gif","width":400,"height":307},{"url":"https://68.media.tumblr.com/30a3ad96919800d5bca9c1efe8315dde/tumblr_nidup8yeNV1swhepeo1_250.gif","width":250,"height":192},{"url":"https://68.media.tumblr.com/30a3ad96919800d5bca9c1efe8315dde/tumblr_nidup8yeNV1swhepeo1_100.gif","width":100,"height":77},{"url":"https://68.media.tumblr.com/30a3ad96919800d5bca9c1efe8315dde/tumblr_nidup8yeNV1swhepeo1_75sq.gif","width":75,"height":75}],"original_size":{"url":"https://68.media.tumblr.com/30a3ad96919800d5bca9c1efe8315dde/tumblr_nidup8yeNV1swhepeo1_500.gif","width":465,"height":357}}],"liked_timestamp":1444751780,"can_like":false,"can_reblog":true,"can_send_in_message":true,"can_reply":false,"display_avatar":true},{"type":"photo","blog_name":"officecity","id":98395766648,"post_url":"http://officecity.tumblr.com/post/98395766648/series-8-erin-hannon","slug":"series-8-erin-hannon","date":"2014-09-25 16:25:26 GMT","timestamp":1411662326,"state":"published","format":"html","reblog_key":"LO3jYvyl","tags":["the office","ellie kemper","erin hannon","wendy","wendy's","office hottie","office cutie","officecity","legendary","colors","halloween","the office halloween","spooked","hdr","series 8","title card"],"short_url":"https://tmblr.co/Zt-Z-s1Res3zu","summary":"Series 8: Erin Hannon","recommended_source":null,"recommended_color":null,"note_count":13,"caption":"\u003cp\u003eSeries 8: Erin Hannon\u003c/p\u003e","reblog":{"tree_html":"","comment":"\u003cp\u003eSeries 8: Erin Hannon\u003c/p\u003e"},"trail":[{"blog":{"name":"officecity","active":true,"theme":{"header_full_width":1600,"header_full_height":1200,"header_focus_width":1472,"header_focus_height":828,"avatar_shape":"square","background_color":"#D6EAF9","body_font":"Helvetica Neue","header_bounds":"186,1536,1014,64","header_image":"https://secure.static.tumblr.com/f031edd3b013d33468d093936836905f/c1iwfes/kJOn8z7hp/tumblr_static_.jpg","header_image_focused":"https://secure.static.tumblr.com/f031edd3b013d33468d093936836905f/c1iwfes/NBSn8z7hs/tumblr_static_tumblr_static__focused_v3.jpg","header_image_scaled":"https://secure.static.tumblr.com/f031edd3b013d33468d093936836905f/c1iwfes/kJOn8z7hp/tumblr_static__2048_v2.jpg","header_stretch":true,"link_color":"#9EC8E3","show_avatar":true,"show_description":true,"show_header_image":true,"show_title":true,"title_color":"#444444","title_font":"Bodoni Recut FS","title_font_weight":"bold"},"share_likes":true,"share_following":false,"can_be_followed":true},"post":{"id":"98395766648"},"content_raw":"\u003cp\u003eSeries 8: Erin Hannon\u003c/p\u003e","content":"\u003cp\u003eSeries 8: Erin Hannon\u003c/p\u003e","is_current_item":true,"is_root_item":true}],"image_permalink":"http://officecity.tumblr.com/image/98395766648","photos":[{"caption":"","alt_sizes":[{"url":"https://68.media.tumblr.com/702eabed5ac6832c0fad805879aaad63/tumblr_ncgtmeIdtM1s6205uo1_1280.jpg","width":1280,"height":720},{"url":"https://68.media.tumblr.com/702eabed5ac6832c0fad805879aaad63/tumblr_ncgtmeIdtM1s6205uo1_500.jpg","width":500,"height":281},{"url":"https://68.media.tumblr.com/702eabed5ac6832c0fad805879aaad63/tumblr_ncgtmeIdtM1s6205uo1_400.jpg","width":400,"height":225},{"url":"https://68.media.tumblr.com/702eabed5ac6832c0fad805879aaad63/tumblr_ncgtmeIdtM1s6205uo1_250.jpg","width":250,"height":141},{"url":"https://68.media.tumblr.com/702eabed5ac6832c0fad805879aaad63/tumblr_ncgtmeIdtM1s6205uo1_100.jpg","width":100,"height":56},{"url":"https://68.media.tumblr.com/702eabed5ac6832c0fad805879aaad63/tumblr_ncgtmeIdtM1s6205uo1_75sq.jpg","width":75,"height":75}],"original_size":{"url":"https://68.media.tumblr.com/702eabed5ac6832c0fad805879aaad63/tumblr_ncgtmeIdtM1s6205uo1_1280.jpg","width":1280,"height":720}}],"liked_timestamp":1444751648,"can_like":false,"can_reblog":true,"can_send_in_message":true,"can_reply":false,"display_avatar":true}],"liked_count":370}