{"latitude":37.8267,"longitude":-122.4233,"timezone":"America/Los_Angeles","currently":{"time":1540327710,"summary":"Mostly Cloudy","icon":"partly-cloudy-day","nearestStormDistance":10,"nearestStormBearing":59,"precipIntensity":0,"precipProbability":0,"temperature":62.56,"apparentTemperature":62.56,"dewPoint":48.35,"humidity":0.6,"pressure":1016.84,"windSpeed":7.41,"windGust":10.93,"windBearing":262,"cloudCover":0.64,"uvIndex":3,"visibility":10,"ozone":284.36},"minutely":{"summary":"Mostly cloudy for the hour.","icon":"partly-cloudy-day","data":[{"time":1540327680,"precipIntensity":0,"precipProbability":0},{"time":1540327740,"precipIntensity":0,"precipProbability":0},{"time":1540327800,"precipIntensity":0,"precipProbability":0},{"time":1540327860,"precipIntensity":0,"precipProbability":0},{"time":1540327920,"precipIntensity":0.002,"precipIntensityError":0.001,"precipProbability":0.02,"precipType":"rain"},{"time":1540327980,"precipIntensity":0.002,"precipIntensityError":0.001,"precipProbability":0.03,"precipType":"rain"},{"time":1540328040,"precipIntensity":0.003,"precipIntensityError":0.001,"precipProbability":0.05,"precipType":"rain"},{"time":1540328100,"precipIntensity":0.003,"precipIntensityError":0.001,"precipProbability":0.06,"precipType":"rain"},{"time":1540328160,"precipIntensity":0.003,"precipIntensityError":0.001,"precipProbability":0.08,"precipType":"rain"},{"time":1540328220,"precipIntensity":0.003,"precipIntensityError":0.002,"precipProbability":0.09,"precipType":"rain"},{"time":1540328280,"precipIntensity":0.003,"precipIntensityError":0.002,"precipProbability":0.12,"precipType":"rain"},{"time":1540328340,"precipIntensity":0.003,"precipIntensityError":0.002,"precipProbability":0.13,"precipType":"rain"},{"time":1540328400,"precipIntensity":0.003,"precipIntensityError":0.002,"precipProbability":0.14,"precipType":"rain"},{"time":1540328460,"precipIntensity":0.004,"precipIntensityError":0.002,"precipProbability":0.16,"precipType":"rain"},{"time":1540328520,"precipIntensity":0.004,"precipIntensityError":0.002,"precipProbability":0.17,"precipType":"rain"},{"time":1540328580,"precipIntensity":0.004,"precipIntensityError":0.002,"precipProbability":0.19,"precipType":"rain"},{"time":1540328640,"precipIntensity":0.004,"precipIntensityError":0.002,"precipProbability":0.19,"precipType":"rain"},{"time":1540328700,"precipIntensity":0.004,"precipIntensityError":0.002,"precipProbability":0.21,"precipType":"rain"},{"time":1540328760,"precipIntensity":0.004,"precipIntensityError":0.002,"precipProbability":0.22,"precipType":"rain"},{"time":1540328820,"precipIntensity":0.004,"precipIntensityError":0.002,"precipProbability":0.23,"precipType":"rain"},{"time":1540328880,"precipIntensity":0.004,"precipIntensityError":0.002,"precipProbability":0.25,"precipType":"rain"},{"time":1540328940,"precipIntensity":0.004,"precipIntensityError":0.002,"precipProbability":0.25,"precipType":"rain"},{"time":1540329000,"precipIntensity":0.004,"precipIntensityError":0.002,"precipProbability":0.26,"precipType":"rain"},{"time":1540329060,"precipIntensity":0.004,"precipIntensityError":0.002,"precipProbability":0.28,"precipType":"rain"},{"time":1540329120,"precipIntensity":0.004,"precipIntensityError":0.002,"precipProbability":0.28,"precipType":"rain"},{"time":1540329180,"precipIntensity":0.004,"precipIntensityError":0.002,"precipProbability":0.29,"precipType":"rain"},{"time":1540329240,"precipIntensity":0.004,"precipIntensityError":0.002,"precipProbability":0.3,"precipType":"rain"},{"time":1540329300,"precipIntensity":0,"precipProbability":0},{"time":1540329360,"precipIntensity":0,"precipProbability":0},{"time":1540329420,"precipIntensity":0,"precipProbability":0},{"time":1540329480,"precipIntensity":0,"precipProbability":0},{"time":1540329540,"precipIntensity":0,"precipProbability":0},{"time":1540329600,"precipIntensity":0,"precipProbability":0},{"time":1540329660,"precipIntensity":0,"precipProbability":0},{"time":1540329720,"precipIntensity":0,"precipProbability":0},{"time":1540329780,"precipIntensity":0,"precipProbability":0},{"time":1540329840,"precipIntensity":0,"precipProbability":0},{"time":1540329900,"precipIntensity":0,"precipProbability":0},{"time":1540329960,"precipIntensity":0,"precipProbability":0},{"time":1540330020,"precipIntensity":0,"precipProbability":0},{"time":1540330080,"precipIntensity":0,"precipProbability":0},{"time":1540330140,"precipIntensity":0,"precipProbability":0},{"time":1540330200,"precipIntensity":0,"precipProbability":0},{"time":1540330260,"precipIntensity":0,"precipProbability":0},{"time":1540330320,"precipIntensity":0,"precipProbability":0},{"time":1540330380,"precipIntensity":0,"precipProbability":0},{"time":1540330440,"precipIntensity":0,"precipProbability":0},{"time":1540330500,"precipIntensity":0,"precipProbability":0},{"time":1540330560,"precipIntensity":0,"precipProbability":0},{"time":1540330620,"precipIntensity":0,"precipProbability":0},{"time":1540330680,"precipIntensity":0,"precipProbability":0},{"time":1540330740,"precipIntensity":0,"precipProbability":0},{"time":1540330800,"precipIntensity":0,"precipProbability":0},{"time":1540330860,"precipIntensity":0,"precipProbability":0},{"time":1540330920,"precipIntensity":0,"precipProbability":0},{"time":1540330980,"precipIntensity":0,"precipProbability":0},{"time":1540331040,"precipIntensity":0,"precipProbability":0},{"time":1540331100,"precipIntensity":0,"precipProbability":0},{"time":1540331160,"precipIntensity":0,"precipProbability":0},{"time":1540331220,"precipIntensity":0,"precipProbability":0},{"time":1540331280,"precipIntensity":0,"precipProbability":0}]},"hourly":{"summary":"Partly cloudy until this evening.","icon":"partly-cloudy-day","data":[{"time":1540324800,"summary":"Partly Cloudy","icon":"partly-cloudy-day","precipIntensity":0,"precipProbability":0,"temperature":61.94,"apparentTemperature":61.94,"dewPoint":47.83,"humidity":0.6,"pressure":1017.3,"windSpeed":5.09,"windGust":11.1,"windBearing":267,"cloudCover":0.56,"uvIndex":4,"visibility":10,"ozone":282.37},{"time":1540328400,"summary":"Mostly Cloudy","icon":"partly-cloudy-day","precipIntensity":0.0013,"precipProbability":0.3,"precipType":"rain","temperature":62.71,"apparentTemperature":62.71,"dewPoint":48.47,"humidity":0.6,"pressure":1016.72,"windSpeed":7.96,"windGust":10.88,"windBearing":261,"cloudCover":0.66,"uvIndex":3,"visibility":10,"ozone":284.83},{"time":1540332000,"summary":"Mostly Cloudy","icon":"partly-cloudy-day","precipIntensity":0.0011,"precipProbability":0.01,"precipType":"rain","temperature":62.5,"apparentTemperature":62.5,"dewPoint":49.63,"humidity":0.63,"pressure":1016.38,"windSpeed":7.96,"windGust":11.45,"windBearing":263,"cloudCover":0.6,"uvIndex":2,"visibility":10,"ozone":287.05},{"time":1540335600,"summary":"Partly Cloudy","icon":"partly-cloudy-day","precipIntensity":0,"precipProbability":0,"temperature":61.44,"apparentTemperature":61.44,"dewPoint":50.36,"humidity":0.67,"pressure":1016.04,"windSpeed":8.74,"windGust":12.86,"windBearing":271,"cloudCover":0.46,"uvIndex":1,"visibility":10,"ozone":289.1},{"time":1540339200,"summary":"Partly Cloudy","icon":"partly-cloudy-day","precipIntensity":0.0016,"precipProbability":0.01,"precipType":"rain","temperature":60.9,"apparentTemperature":60.9,"dewPoint":50.46,"humidity":0.68,"pressure":1015.62,"windSpeed":7.96,"windGust":11.24,"windBearing":274,"cloudCover":0.37,"uvIndex":0,"visibility":10,"ozone":290.62},{"time":1540342800,"summary":"Partly Cloudy","icon":"partly-cloudy-day","precipIntensity":0.0002,"precipProbability":0.01,"precipType":"rain","temperature":59.49,"apparentTemperature":59.49,"dewPoint":50.73,"humidity":0.73,"pressure":1015.71,"windSpeed":7.81,"windGust":12.43,"windBearing":275,"cloudCover":0.31,"uvIndex":0,"visibility":10,"ozone":291.01},{"time":1540346400,"summary":"Partly Cloudy","icon":"partly-cloudy-night","precipIntensity":0.0003,"precipProbability":0.01,"precipType":"rain","temperature":57.62,"apparentTemperature":57.62,"dewPoint":51.19,"humidity":0.79,"pressure":1015.9,"windSpeed":7.11,"windGust":13.16,"windBearing":271,"cloudCover":0.25,"uvIndex":0,"visibility":10,"ozone":290.9},{"time":1540350000,"summary":"Clear","icon":"clear-night","precipIntensity":0.0003,"precipProbability":0.01,"precipType":"rain","temperature":56.8,"apparentTemperature":56.8,"dewPoint":51.33,"humidity":0.82,"pressure":1016.16,"windSpeed":6.86,"windGust":12.43,"windBearing":277,"cloudCover":0.2,"uvIndex":0,"visibility":10,"ozone":290.98},{"time":1540353600,"summary":"Clear","icon":"clear-night","precipIntensity":0,"precipProbability":0,"temperature":56.38,"apparentTemperature":56.38,"dewPoint":51.46,"humidity":0.84,"pressure":1016.43,"windSpeed":6.55,"windGust":12.04,"windBearing":278,"cloudCover":0.05,"uvIndex":0,"visibility":10,"ozone":291.89},{"time":1540357200,"summary":"Clear","icon":"clear-night","precipIntensity":0,"precipProbability":0,"temperature":56.15,"apparentTemperature":56.15,"dewPoint":51.46,"humidity":0.84,"pressure":1016.68,"windSpeed":5.98,"windGust":11.38,"windBearing":274,"cloudCover":0.11,"uvIndex":0,"visibility":10,"ozone":293.04},{"time":1540360800,"summary":"Clear","icon":"clear-night","precipIntensity":0.0004,"precipProbability":0.01,"precipType":"rain","temperature":56.44,"apparentTemperature":56.44,"dewPoint":51.22,"humidity":0.83,"pressure":1016.7,"windSpeed":5.46,"windGust":10.1,"windBearing":266,"cloudCover":0.16,"uvIndex":0,"visibility":10,"ozone":293.55},{"time":1540364400,"summary":"Clear","icon":"clear-night","precipIntensity":0,"precipProbability":0,"temperature":56.77,"apparentTemperature":56.77,"dewPoint":50.98,"humidity":0.81,"pressure":1016.69,"windSpeed":5.26,"windGust":9.34,"windBearing":273,"cloudCover":0.19,"uvIndex":0,"visibility":10,"ozone":292.79},{"time":1540368000,"summary":"Clear","icon":"clear-night","precipIntensity":0,"precipProbability":0,"temperature":57.13,"apparentTemperature":57.13,"dewPoint":50.85,"humidity":0.8,"pressure":1016.58,"windSpeed":4.73,"windGust":8.62,"windBearing":268,"cloudCover":0.18,"uvIndex":0,"visibility":10,"ozone":291.24},{"time":1540371600,"summary":"Clear","icon":"clear-night","precipIntensity":0,"precipProbability":0,"temperature":56.91,"apparentTemperature":56.91,"dewPoint":50.76,"humidity":0.8,"pressure":1016.49,"windSpeed":4.62,"windGust":8.51,"windBearing":274,"cloudCover":0.21,"uvIndex":0,"visibility":10,"ozone":289.93},{"time":1540375200,"summary":"Partly Cloudy","icon":"partly-cloudy-night","precipIntensity":0,"precipProbability":0,"temperature":56.7,"apparentTemperature":56.7,"dewPoint":50.78,"humidity":0.81,"pressure":1016.59,"windSpeed":4.33,"windGust":7.98,"windBearing":268,"cloudCover":0.33,"uvIndex":0,"visibility":10,"ozone":288.91},{"time":1540378800,"summary":"Partly Cloudy","icon":"partly-cloudy-night","precipIntensity":0,"precipProbability":0,"temperature":56.06,"apparentTemperature":56.06,"dewPoint":51.23,"humidity":0.84,"pressure":1016.72,"windSpeed":3.48,"windGust":5.55,"windBearing":275,"cloudCover":0.49,"uvIndex":0,"visibility":10,"ozone":288},{"time":1540382400,"summary":"Partly Cloudy","icon":"partly-cloudy-night","precipIntensity":0.0002,"precipProbability":0.01,"precipType":"rain","temperature":55.84,"apparentTemperature":55.84,"dewPoint":51.25,"humidity":0.85,"pressure":1016.84,"windSpeed":3.17,"windGust":5.24,"windBearing":268,"cloudCover":0.54,"uvIndex":0,"visibility":10,"ozone":286.97},{"time":1540386000,"summary":"Partly Cloudy","icon":"partly-cloudy-night","precipIntensity":0,"precipProbability":0,"temperature":55.41,"apparentTemperature":55.41,"dewPoint":51.33,"humidity":0.86,"pressure":1016.9,"windSpeed":2.65,"windGust":4.89,"windBearing":262,"cloudCover":0.57,"uvIndex":0,"visibility":10,"ozone":285.82},{"time":1540389600,"summary":"Partly Cloudy","icon":"partly-cloudy-night","precipIntensity":0,"precipProbability":0,"temperature":54.85,"apparentTemperature":54.85,"dewPoint":51.5,"humidity":0.88,"pressure":1017.04,"windSpeed":3.38,"windGust":4.64,"windBearing":281,"cloudCover":0.59,"uvIndex":0,"visibility":10,"ozone":284.62},{"time":1540393200,"summary":"Mostly Cloudy","icon":"partly-cloudy-day","precipIntensity":0,"precipProbability":0,"temperature":54.75,"apparentTemperature":54.75,"dewPoint":51.78,"humidity":0.9,"pressure":1017.29,"windSpeed":3.52,"windGust":4.56,"windBearing":281,"cloudCover":0.6,"uvIndex":0,"visibility":10,"ozone":283.77},{"time":1540396800,"summary":"Mostly Cloudy","icon":"partly-cloudy-day","precipIntensity":0,"precipProbability":0,"temperature":55.99,"apparentTemperature":55.99,"dewPoint":52.36,"humidity":0.88,"pressure":1017.77,"windSpeed":3.29,"windGust":4.54,"windBearing":293,"cloudCover":0.63,"uvIndex":1,"visibility":10,"ozone":283.54},{"time":1540400400,"summary":"Partly Cloudy","icon":"partly-cloudy-day","precipIntensity":0,"precipProbability":0,"temperature":58.31,"apparentTemperature":58.31,"dewPoint":53.08,"humidity":0.83,"pressure":1018.17,"windSpeed":3.33,"windGust":4.77,"windBearing":259,"cloudCover":0.59,"uvIndex":2,"visibility":10,"ozone":283.78},{"time":1540404000,"summary":"Partly Cloudy","icon":"partly-cloudy-day","precipIntensity":0,"precipProbability":0,"temperature":60.22,"apparentTemperature":60.22,"dewPoint":53.57,"humidity":0.79,"pressure":1018.35,"windSpeed":3.88,"windGust":5.47,"windBearing":270,"cloudCover":0.48,"uvIndex":3,"visibility":10,"ozone":283.87},{"time":1540407600,"summary":"Partly Cloudy","icon":"partly-cloudy-day","precipIntensity":0,"precipProbability":0,"temperature":62.09,"apparentTemperature":62.09,"dewPoint":53.6,"humidity":0.74,"pressure":1018.23,"windSpeed":4.85,"windGust":6.67,"windBearing":269,"cloudCover":0.58,"uvIndex":3,"visibility":10,"ozone":283.64},{"time":1540411200,"summary":"Partly Cloudy","icon":"partly-cloudy-day","precipIntensity":0,"precipProbability":0,"temperature":63.77,"apparentTemperature":63.77,"dewPoint":53.39,"humidity":0.69,"pressure":1017.92,"windSpeed":6.25,"windGust":8.13,"windBearing":268,"cloudCover":0.46,"uvIndex":4,"visibility":10,"ozone":283.27},{"time":1540414800,"summary":"Clear","icon":"clear-day","precipIntensity":0,"precipProbability":0,"temperature":65.04,"apparentTemperature":65.04,"dewPoint":53.22,"humidity":0.66,"pressure":1017.64,"windSpeed":7.3,"windGust":9.4,"windBearing":267,"cloudCover":0.12,"uvIndex":4,"visibility":10,"ozone":282.57},{"time":1540418400,"summary":"Partly Cloudy","icon":"partly-cloudy-day","precipIntensity":0,"precipProbability":0,"temperature":65.29,"apparentTemperature":65.29,"dewPoint":53.2,"humidity":0.65,"pressure":1017.29,"windSpeed":7.77,"windGust":10.44,"windBearing":257,"cloudCover":0.27,"uvIndex":3,"visibility":10,"ozone":281.31},{"time":1540422000,"summary":"Partly Cloudy","icon":"partly-cloudy-day","precipIntensity":0,"precipProbability":0,"temperature":64.56,"apparentTemperature":64.56,"dewPoint":53.18,"humidity":0.67,"pressure":1016.98,"windSpeed":7.7,"windGust":11.31,"windBearing":276,"cloudCover":0.35,"uvIndex":1,"visibility":10,"ozone":279.67},{"time":1540425600,"summary":"Partly Cloudy","icon":"partly-cloudy-day","precipIntensity":0,"precipProbability":0,"temperature":63.45,"apparentTemperature":63.45,"dewPoint":53.17,"humidity":0.69,"pressure":1016.92,"windSpeed":7.8,"windGust":11.56,"windBearing":269,"cloudCover":0.39,"uvIndex":0,"visibility":10,"ozone":278.09},{"time":1540429200,"summary":"Partly Cloudy","icon":"partly-cloudy-day","precipIntensity":0,"precipProbability":0,"temperature":61.7,"apparentTemperature":61.7,"dewPoint":53.22,"humidity":0.74,"pressure":1017.24,"windSpeed":7.56,"windGust":10.82,"windBearing":271,"cloudCover":0.38,"uvIndex":0,"visibility":10,"ozone":276.75},{"time":1540432800,"summary":"Partly Cloudy","icon":"partly-cloudy-night","precipIntensity":0,"precipProbability":0,"temperature":59.64,"apparentTemperature":59.64,"dewPoint":53.27,"humidity":0.79,"pressure":1017.75,"windSpeed":7.1,"windGust":9.43,"windBearing":274,"cloudCover":0.31,"uvIndex":0,"visibility":10,"ozone":275.46},{"time":1540436400,"summary":"Partly Cloudy","icon":"partly-cloudy-night","precipIntensity":0,"precipProbability":0,"temperature":58.68,"apparentTemperature":58.68,"dewPoint":53.19,"humidity":0.82,"pressure":1018.11,"windSpeed":6.36,"windGust":8.2,"windBearing":274,"cloudCover":0.33,"uvIndex":0,"visibility":10,"ozone":274.18},{"time":1540440000,"summary":"Partly Cloudy","icon":"partly-cloudy-night","precipIntensity":0,"precipProbability":0,"temperature":58.11,"apparentTemperature":58.11,"dewPoint":52.91,"humidity":0.83,"pressure":1018.38,"windSpeed":5.72,"windGust":7.51,"windBearing":272,"cloudCover":0.34,"uvIndex":0,"visibility":10,"ozone":272.75},{"time":1540443600,"summary":"Partly Cloudy","icon":"partly-cloudy-night","precipIntensity":0.0005,"precipProbability":0.01,"precipType":"rain","temperature":58.1,"apparentTemperature":58.1,"dewPoint":52.51,"humidity":0.82,"pressure":1018.67,"windSpeed":5.2,"windGust":7.04,"windBearing":275,"cloudCover":0.45,"uvIndex":0,"visibility":10,"ozone":271.35},{"time":1540447200,"summary":"Partly Cloudy","icon":"partly-cloudy-night","precipIntensity":0.0009,"precipProbability":0.01,"precipType":"rain","temperature":58.37,"apparentTemperature":58.37,"dewPoint":52.18,"humidity":0.8,"pressure":1018.91,"windSpeed":4.74,"windGust":6.58,"windBearing":273,"cloudCover":0.4,"uvIndex":0,"visibility":10,"ozone":269.98},{"time":1540450800,"summary":"Partly Cloudy","icon":"partly-cloudy-night","precipIntensity":0.001,"precipProbability":0.01,"precipType":"rain","temperature":58.51,"apparentTemperature":58.51,"dewPoint":52,"humidity":0.79,"pressure":1018.85,"windSpeed":4.47,"windGust":6.11,"windBearing":271,"cloudCover":0.48,"uvIndex":0,"visibility":10,"ozone":268.87},{"time":1540454400,"summary":"Partly Cloudy","icon":"partly-cloudy-night","precipIntensity":0.0009,"precipProbability":0.01,"precipType":"rain","temperature":58.97,"apparentTemperature":58.97,"dewPoint":51.89,"humidity":0.77,"pressure":1019.03,"windSpeed":4.29,"windGust":5.67,"windBearing":285,"cloudCover":0.53,"uvIndex":0,"visibility":10,"ozone":267.91},{"time":1540458000,"summary":"Partly Cloudy","icon":"partly-cloudy-night","precipIntensity":0.0008,"precipProbability":0.01,"precipType":"rain","temperature":58.65,"apparentTemperature":58.65,"dewPoint":51.76,"humidity":0.78,"pressure":1019.06,"windSpeed":3.9,"windGust":5.14,"windBearing":284,"cloudCover":0.55,"uvIndex":0,"visibility":10,"ozone":266.98},{"time":1540461600,"summary":"Partly Cloudy","icon":"partly-cloudy-night","precipIntensity":0.0006,"precipProbability":0.01,"precipType":"rain","temperature":58.09,"apparentTemperature":58.09,"dewPoint":51.59,"humidity":0.79,"pressure":1018.96,"windSpeed":3.14,"windGust":4.4,"windBearing":285,"cloudCover":0.55,"uvIndex":0,"visibility":10,"ozone":266.09},{"time":1540465200,"summary":"Partly Cloudy","icon":"partly-cloudy-night","precipIntensity":0.0005,"precipProbability":0.01,"precipType":"rain","temperature":57.32,"apparentTemperature":57.32,"dewPoint":51.42,"humidity":0.81,"pressure":1018.69,"windSpeed":2.24,"windGust":3.59,"windBearing":284,"cloudCover":0.55,"uvIndex":0,"visibility":10,"ozone":265.15},{"time":1540468800,"summary":"Partly Cloudy","icon":"partly-cloudy-night","precipIntensity":0.0004,"precipProbability":0.01,"precipType":"rain","temperature":56.93,"apparentTemperature":56.93,"dewPoint":51.26,"humidity":0.81,"pressure":1018.56,"windSpeed":1.42,"windGust":2.93,"windBearing":309,"cloudCover":0.55,"uvIndex":0,"visibility":10,"ozone":264.33},{"time":1540472400,"summary":"Partly Cloudy","icon":"partly-cloudy-night","precipIntensity":0.0004,"precipProbability":0.01,"precipType":"rain","temperature":56.44,"apparentTemperature":56.44,"dewPoint":51.09,"humidity":0.82,"pressure":1018.66,"windSpeed":1.14,"windGust":2.56,"windBearing":333,"cloudCover":0.34,"uvIndex":0,"visibility":10,"ozone":263.66},{"time":1540476000,"summary":"Partly Cloudy","icon":"partly-cloudy-night","precipIntensity":0.0003,"precipProbability":0.01,"precipType":"rain","temperature":55.85,"apparentTemperature":55.85,"dewPoint":50.95,"humidity":0.84,"pressure":1018.97,"windSpeed":0.64,"windGust":2.37,"windBearing":52,"cloudCover":0.34,"uvIndex":0,"visibility":10,"ozone":263.13},{"time":1540479600,"summary":"Partly Cloudy","icon":"partly-cloudy-day","precipIntensity":0.0003,"precipProbability":0.01,"precipType":"rain","temperature":55.89,"apparentTemperature":55.89,"dewPoint":50.88,"humidity":0.83,"pressure":1019.27,"windSpeed":0.3,"windGust":2.4,"windBearing":234,"cloudCover":0.34,"uvIndex":0,"visibility":10,"ozone":262.42},{"time":1540483200,"summary":"Partly Cloudy","icon":"partly-cloudy-day","precipIntensity":0,"precipProbability":0,"temperature":57.53,"apparentTemperature":57.53,"dewPoint":50.93,"humidity":0.79,"pressure":1019.56,"windSpeed":0.28,"windGust":2.67,"windBearing":196,"cloudCover":0.34,"uvIndex":1,"visibility":10,"ozone":261.41},{"time":1540486800,"summary":"Partly Cloudy","icon":"partly-cloudy-day","precipIntensity":0,"precipProbability":0,"temperature":59.57,"apparentTemperature":59.57,"dewPoint":51.08,"humidity":0.73,"pressure":1019.88,"windSpeed":1.11,"windGust":3.11,"windBearing":184,"cloudCover":0.34,"uvIndex":2,"visibility":10,"ozone":260.32},{"time":1540490400,"summary":"Partly Cloudy","icon":"partly-cloudy-day","precipIntensity":0,"precipProbability":0,"temperature":61.64,"apparentTemperature":61.64,"dewPoint":51.26,"humidity":0.69,"pressure":1019.96,"windSpeed":2.65,"windGust":3.89,"windBearing":271,"cloudCover":0.33,"uvIndex":3,"visibility":10,"ozone":259.29},{"time":1540494000,"summary":"Partly Cloudy","icon":"partly-cloudy-day","precipIntensity":0,"precipProbability":0,"temperature":63.77,"apparentTemperature":63.77,"dewPoint":51.45,"humidity":0.64,"pressure":1019.67,"windSpeed":3.6,"windGust":5.16,"windBearing":273,"cloudCover":0.28,"uvIndex":4,"visibility":10,"ozone":258.67},{"time":1540497600,"summary":"Clear","icon":"clear-day","precipIntensity":0,"precipProbability":0,"temperature":66.28,"apparentTemperature":66.28,"dewPoint":51.66,"humidity":0.59,"pressure":1019.19,"windSpeed":5.07,"windGust":6.71,"windBearing":279,"cloudCover":0.2,"uvIndex":5,"visibility":10,"ozone":258.22}]},"daily":{"summary":"No precipitation throughout the week, with high temperatures rising to 77°F on Saturday.","icon":"clear-day","data":[{"time":1540278000,"summary":"Partly cloudy until evening.","icon":"partly-cloudy-day","sunriseTime":1540304842,"sunsetTime":1540344169,"moonPhase":0.46,"precipIntensity":0.0002,"precipIntensityMax":0.0016,"precipIntensityMaxTime":1540339200,"precipProbability":0.04,"precipType":"rain","temperatureHigh":62.71,"temperatureHighTime":1540328400,"temperatureLow":54.75,"temperatureLowTime":1540393200,"apparentTemperatureHigh":62.71,"apparentTemperatureHighTime":1540328400,"apparentTemperatureLow":54.75,"apparentTemperatureLowTime":1540393200,"dewPoint":48.65,"humidity":0.74,"pressure":1016.21,"windSpeed":5.16,"windGust":14.31,"windGustTime":1540321200,"windBearing":267,"cloudCover":0.44,"uvIndex":4,"uvIndexTime":1540324800,"visibility":10,"ozone":282.19,"temperatureMin":53.17,"temperatureMinTime":1540296000,"temperatureMax":62.71,"temperatureMaxTime":1540328400,"apparentTemperatureMin":53.17,"apparentTemperatureMinTime":1540296000,"apparentTemperatureMax":62.71,"apparentTemperatureMaxTime":1540328400},{"time":1540364400,"summary":"Partly cloudy throughout the day.","icon":"partly-cloudy-day","sunriseTime":1540391303,"sunsetTime":1540430494,"moonPhase":0.51,"precipIntensity":0.0001,"precipIntensityMax":0.0009,"precipIntensityMaxTime":1540447200,"precipProbability":0.03,"precipType":"rain","temperatureHigh":65.29,"temperatureHighTime":1540418400,"temperatureLow":55.85,"temperatureLowTime":1540476000,"apparentTemperatureHigh":65.29,"apparentTemperatureHighTime":1540418400,"apparentTemperatureLow":55.85,"apparentTemperatureLowTime":1540476000,"dewPoint":52.35,"humidity":0.79,"pressure":1017.48,"windSpeed":5.13,"windGust":11.56,"windGustTime":1540425600,"windBearing":271,"cloudCover":0.41,"uvIndex":4,"uvIndexTime":1540411200,"visibility":10,"ozone":282.18,"temperatureMin":54.75,"temperatureMinTime":1540393200,"temperatureMax":65.29,"temperatureMaxTime":1540418400,"apparentTemperatureMin":54.75,"apparentTemperatureMinTime":1540393200,"apparentTemperatureMax":65.29,"apparentTemperatureMaxTime":1540418400},{"time":1540450800,"summary":"Partly cloudy until afternoon.","icon":"partly-cloudy-day","sunriseTime":1540477764,"sunsetTime":1540516820,"moonPhase":0.54,"precipIntensity":0.0003,"precipIntensityMax":0.001,"precipIntensityMaxTime":1540450800,"precipProbability":0.05,"precipType":"rain","temperatureHigh":68.62,"temperatureHighTime":1540504800,"temperatureLow":55.46,"temperatureLowTime":1540566000,"apparentTemperatureHigh":68.62,"apparentTemperatureHighTime":1540504800,"apparentTemperatureLow":55.46,"apparentTemperatureLowTime":1540566000,"dewPoint":51.76,"humidity":0.72,"pressure":1018.79,"windSpeed":3.76,"windGust":9.39,"windGustTime":1540512000,"windBearing":270,"cloudCover":0.29,"uvIndex":5,"uvIndexTime":1540497600,"visibility":10,"ozone":258.73,"temperatureMin":55.85,"temperatureMinTime":1540476000,"temperatureMax":68.62,"temperatureMaxTime":1540504800,"apparentTemperatureMin":55.85,"apparentTemperatureMinTime":1540476000,"apparentTemperatureMax":68.62,"apparentTemperatureMaxTime":1540504800},{"time":1540537200,"summary":"Partly cloudy throughout the day.","icon":"partly-cloudy-day","sunriseTime":1540564225,"sunsetTime":1540603147,"moonPhase":0.57,"precipIntensity":0.0003,"precipIntensityMax":0.0008,"precipIntensityMaxTime":1540551600,"precipProbability":0.07,"precipType":"rain","temperatureHigh":71.07,"temperatureHighTime":1540602000,"temperatureLow":60.01,"temperatureLowTime":1540648800,"apparentTemperatureHigh":71.07,"apparentTemperatureHighTime":1540602000,"apparentTemperatureLow":60.01,"apparentTemperatureLowTime":1540648800,"dewPoint":53.22,"humidity":0.72,"pressure":1019.15,"windSpeed":3.57,"windGust":9.26,"windGustTime":1540598400,"windBearing":277,"cloudCover":0.42,"uvIndex":4,"uvIndexTime":1540580400,"visibility":10,"ozone":241.3,"temperatureMin":55.46,"temperatureMinTime":1540566000,"temperatureMax":71.07,"temperatureMaxTime":1540602000,"apparentTemperatureMin":55.46,"apparentTemperatureMinTime":1540566000,"apparentTemperatureMax":71.07,"apparentTemperatureMaxTime":1540602000},{"time":1540623600,"summary":"Mostly cloudy throughout the day.","icon":"partly-cloudy-day","sunriseTime":1540650687,"sunsetTime":1540689476,"moonPhase":0.6,"precipIntensity":0,"precipIntensityMax":0,"precipProbability":0,"temperatureHigh":76.52,"temperatureHighTime":1540681200,"temperatureLow":60.54,"temperatureLowTime":1540738800,"apparentTemperatureHigh":76.52,"apparentTemperatureHighTime":1540681200,"apparentTemperatureLow":60.54,"apparentTemperatureLowTime":1540738800,"dewPoint":52.9,"humidity":0.61,"pressure":1016.37,"windSpeed":2.1,"windGust":6.63,"windGustTime":1540666800,"windBearing":10,"cloudCover":0.81,"uvIndex":4,"uvIndexTime":1540670400,"visibility":10,"ozone":242.66,"temperatureMin":60.01,"temperatureMinTime":1540648800,"temperatureMax":76.52,"temperatureMaxTime":1540681200,"apparentTemperatureMin":60.01,"apparentTemperatureMinTime":1540648800,"apparentTemperatureMax":76.52,"apparentTemperatureMaxTime":1540681200},{"time":1540710000,"summary":"Mostly cloudy throughout the day.","icon":"partly-cloudy-day","sunriseTime":1540737149,"sunsetTime":1540775805,"moonPhase":0.64,"precipIntensity":0.0001,"precipIntensityMax":0.0003,"precipIntensityMaxTime":1540782000,"precipProbability":0.03,"precipType":"rain","temperatureHigh":67.91,"temperatureHighTime":1540760400,"temperatureLow":57.41,"temperatureLowTime":1540825200,"apparentTemperatureHigh":67.91,"apparentTemperatureHighTime":1540760400,"apparentTemperatureLow":57.41,"apparentTemperatureLowTime":1540825200,"dewPoint":53.14,"humidity":0.68,"pressure":1016.4,"windSpeed":4.69,"windGust":12.97,"windGustTime":1540760400,"windBearing":256,"cloudCover":0.68,"uvIndex":4,"uvIndexTime":1540753200,"visibility":10,"ozone":246.61,"temperatureMin":60.54,"temperatureMinTime":1540738800,"temperatureMax":67.91,"temperatureMaxTime":1540760400,"apparentTemperatureMin":60.54,"apparentTemperatureMinTime":1540738800,"apparentTemperatureMax":67.91,"apparentTemperatureMaxTime":1540760400},{"time":1540796400,"summary":"Partly cloudy in the morning.","icon":"partly-cloudy-night","sunriseTime":1540823612,"sunsetTime":1540862136,"moonPhase":0.68,"precipIntensity":0,"precipIntensityMax":0.0002,"precipIntensityMaxTime":1540803600,"precipProbability":0,"temperatureHigh":67.85,"temperatureHighTime":1540850400,"temperatureLow":55.67,"temperatureLowTime":1540908000,"apparentTemperatureHigh":67.85,"apparentTemperatureHighTime":1540850400,"apparentTemperatureLow":55.67,"apparentTemperatureLowTime":1540908000,"dewPoint":51.32,"humidity":0.68,"pressure":1018.91,"windSpeed":7.34,"windGust":20.04,"windGustTime":1540861200,"windBearing":301,"cloudCover":0.18,"uvIndex":4,"uvIndexTime":1540839600,"visibility":10,"ozone":266.61,"temperatureMin":57.41,"temperatureMinTime":1540825200,"temperatureMax":67.85,"temperatureMaxTime":1540850400,"apparentTemperatureMin":57.41,"apparentTemperatureMinTime":1540825200,"apparentTemperatureMax":67.85,"apparentTemperatureMaxTime":1540850400},{"time":1540882800,"summary":"Partly cloudy starting in the evening.","icon":"partly-cloudy-night","sunriseTime":1540910075,"sunsetTime":1540948469,"moonPhase":0.72,"precipIntensity":0,"precipIntensityMax":0.0001,"precipIntensityMaxTime":1540900800,"precipProbability":0,"temperatureHigh":71.3,"temperatureHighTime":1540940400,"temperatureLow":58.74,"temperatureLowTime":1540998000,"apparentTemperatureHigh":71.3,"apparentTemperatureHighTime":1540940400,"apparentTemperatureLow":58.74,"apparentTemperatureLowTime":1540998000,"dewPoint":43.46,"humidity":0.49,"pressure":1017.37,"windSpeed":4.65,"windGust":14.65,"windGustTime":1540890000,"windBearing":317,"cloudCover":0.1,"uvIndex":4,"uvIndexTime":1540926000,"visibility":10,"ozone":280.75,"temperatureMin":55.67,"temperatureMinTime":1540908000,"temperatureMax":71.3,"temperatureMaxTime":1540940400,"apparentTemperatureMin":55.67,"apparentTemperatureMinTime":1540908000,"apparentTemperatureMax":71.3,"apparentTemperatureMaxTime":1540940400}]},"flags":{"sources":["nearest-precip","nwspa","cmc","gfs","hrrr","icon","isd","madis","nam","sref","darksky"],"nearest-station":1.839,"units":"us"},"offset":-7}